idna_subject,checker_type,destination,source,tested_at,session_id
0.nextyourcontent.com,AVAILABILITY,domains.list,domains.list,2023-02-01 17:35:26.119544,e9f9d559a0dd8b10789d4241
006.free-counter.co.uk,AVAILABILITY,domains.list,domains.list,2023-02-01 17:35:26.462078,e9f9d559a0dd8b10789d4241
006.freecounters.co.uk,AVAILABILITY,domains.list,domains.list,2023-02-01 17:35:27.767001,e9f9d559a0dd8b10789d4241
0101011.com,AVAILABILITY,domains.list,domains.list,2023-02-01 17:35:34.721843,e9f9d559a0dd8b10789d4241
0427d7.se,AVAILABILITY,domains.list,domains.list,2023-02-01 17:35:35.812257,e9f9d559a0dd8b10789d4241
05tz2e9.com,AVAILABILITY,domains.list,domains.list,2023-02-01 17:35:36.400242,e9f9d559a0dd8b10789d4241
0d79ed.r.axf8.net,AVAILABILITY,domains.list,domains.list,2023-02-01 17:35:36.979866,e9f9d559a0dd8b10789d4241
0pn.ru,AVAILABILITY,domains.list,domains.list,2023-02-01 17:35:59.032584,e9f9d559a0dd8b10789d4241
0qizz.super-promo.hoxo.info,AVAILABILITY,domains.list,domains.list,2023-02-01 17:36:05.239488,e9f9d559a0dd8b10789d4241
0stats.com,AVAILABILITY,domains.list,domains.list,2023-02-01 17:36:06.012542,e9f9d559a0dd8b10789d4241
1.allyes.com.cn,AVAILABILITY,domains.list,domains.list,2023-02-01 17:37:06.123352,e9f9d559a0dd8b10789d4241
10.im.cz,AVAILABILITY,domains.list,domains.list,2023-02-01 17:37:12.965652,e9f9d559a0dd8b10789d4241
1000ps.oewabox.at,AVAILABILITY,domains.list,domains.list,2023-02-01 17:37:14.243126,e9f9d559a0dd8b10789d4241
1001paixnidia.fr,AVAILABILITY,domains.list,domains.list,2023-02-01 17:37:14.968264,e9f9d559a0dd8b10789d4241
102.112.2o7.net,AVAILABILITY,domains.list,domains.list,2023-02-01 17:37:15.436357,e9f9d559a0dd8b10789d4241
102.122.2o7.net,AVAILABILITY,domains.list,domains.list,2023-02-01 17:37:15.814045,e9f9d559a0dd8b10789d4241
104231.dtiblog.com,AVAILABILITY,domains.list,domains.list,2023-02-01 17:37:18.653648,e9f9d559a0dd8b10789d4241
1097834592.rsc.cdn77.org,AVAILABILITY,domains.list,domains.list,2023-02-01 17:37:20.707198,e9f9d559a0dd8b10789d4241
10fbb07a4b0.se,AVAILABILITY,domains.list,domains.list,2023-02-01 17:37:21.671729,e9f9d559a0dd8b10789d4241
10tide.com,AVAILABILITY,domains.list,domains.list,2023-02-01 17:37:22.593783,e9f9d559a0dd8b10789d4241
112.2o7.net,AVAILABILITY,domains.list,domains.list,2023-02-01 17:37:22.986598,e9f9d559a0dd8b10789d4241
121media.com,AVAILABILITY,domains.list,domains.list,2023-02-01 17:37:25.486711,e9f9d559a0dd8b10789d4241
122.2o7.net,AVAILABILITY,domains.list,domains.list,2023-02-01 17:37:25.866661,e9f9d559a0dd8b10789d4241
123.fluxads.com,AVAILABILITY,domains.list,domains.list,2023-02-01 17:37:26.790633,e9f9d559a0dd8b10789d4241
123counter.mycomputer.com,AVAILABILITY,domains.list,domains.list,2023-02-01 17:37:27.425431,e9f9d559a0dd8b10789d4241
123counter.superstats.com,AVAILABILITY,domains.list,domains.list,2023-02-01 17:37:28.116482,e9f9d559a0dd8b10789d4241
123greetings.com,AVAILABILITY,domains.list,domains.list,2023-02-01 17:37:28.637608,e9f9d559a0dd8b10789d4241
123plays.com,AVAILABILITY,domains.list,domains.list,2023-02-01 17:37:29.466658,e9f9d559a0dd8b10789d4241
15.basebanner.com,AVAILABILITY,domains.list,domains.list,2023-02-01 17:37:46.321200,e9f9d559a0dd8b10789d4241
15.taboola.com,AVAILABILITY,domains.list,domains.list,2023-02-01 17:37:46.682939,e9f9d559a0dd8b10789d4241
192.168.112.2o7.net,AVAILABILITY,domains.list,domains.list,2023-02-01 17:37:47.110115,e9f9d559a0dd8b10789d4241
1ca.cqcounter.com,AVAILABILITY,domains.list,domains.list,2023-02-01 17:37:48.476638,e9f9d559a0dd8b10789d4241
1girl1pitcher.com,AVAILABILITY,domains.list,domains.list,2023-02-01 17:37:49.234456,e9f9d559a0dd8b10789d4241
1girl1pitcher.org,AVAILABILITY,domains.list,domains.list,2023-02-01 17:37:50.080962,e9f9d559a0dd8b10789d4241
1guy1cock.com,AVAILABILITY,domains.list,domains.list,2023-02-01 17:37:50.817861,e9f9d559a0dd8b10789d4241
1l-view.mail.ru,AVAILABILITY,domains.list,domains.list,2023-02-01 17:37:51.687323,e9f9d559a0dd8b10789d4241
1man1jar.org,AVAILABILITY,domains.list,domains.list,2023-02-01 17:37:52.424335,e9f9d559a0dd8b10789d4241
1man2needles.com,AVAILABILITY,domains.list,domains.list,2023-02-01 17:37:53.130198,e9f9d559a0dd8b10789d4241
1percent.fr,AVAILABILITY,domains.list,domains.list,2023-02-01 17:37:53.801753,e9f9d559a0dd8b10789d4241
1priest1nun.com,AVAILABILITY,domains.list,domains.list,2023-02-01 17:37:54.625206,e9f9d559a0dd8b10789d4241
1priest1nun.net,AVAILABILITY,domains.list,domains.list,2023-02-01 17:37:55.542961,e9f9d559a0dd8b10789d4241
1uk.cqcounter.com,AVAILABILITY,domains.list,domains.list,2023-02-01 17:37:56.871827,e9f9d559a0dd8b10789d4241
1us.cqcounter.com,AVAILABILITY,domains.list,domains.list,2023-02-01 17:37:58.852217,e9f9d559a0dd8b10789d4241
1xxx.cqcounter.com,AVAILABILITY,domains.list,domains.list,2023-02-01 17:37:59.775308,e9f9d559a0dd8b10789d4241
2.marketbanker.com,AVAILABILITY,domains.list,domains.list,2023-02-01 17:38:56.114110,e9f9d559a0dd8b10789d4241
2.speedknow.co,AVAILABILITY,domains.list,domains.list,2023-02-01 17:38:59.995648,e9f9d559a0dd8b10789d4241
2000greetings.com,AVAILABILITY,domains.list,domains.list,2023-02-01 17:39:01.525922,e9f9d559a0dd8b10789d4241
2006mindfreaklike.blogspot.com,AVAILABILITY,domains.list,domains.list,2023-02-01 17:39:02.663979,e9f9d559a0dd8b10789d4241
20585485p.rfihub.com,AVAILABILITY,domains.list,domains.list,2023-02-01 17:39:03.480973,e9f9d559a0dd8b10789d4241
207-87-18-203.wsmg.digex.net,AVAILABILITY,domains.list,domains.list,2023-02-01 17:40:03.921012,e9f9d559a0dd8b10789d4241
20linutes.fr,AVAILABILITY,domains.list,domains.list,2023-02-01 17:40:04.625328,e9f9d559a0dd8b10789d4241
20mlinutes.fr,AVAILABILITY,domains.list,domains.list,2023-02-01 17:40:04.982178,e9f9d559a0dd8b10789d4241
21jewelry.com,AVAILABILITY,domains.list,domains.list,2023-02-01 17:40:05.709543,e9f9d559a0dd8b10789d4241
237online.fr,AVAILABILITY,domains.list,domains.list,2023-02-01 17:40:09.639665,e9f9d559a0dd8b10789d4241
24-7clinic.com,AVAILABILITY,domains.list,domains.list,2023-02-01 17:40:10.027772,e9f9d559a0dd8b10789d4241
2468.go2cloud.org,AVAILABILITY,domains.list,domains.list,2023-02-01 17:40:10.498205,e9f9d559a0dd8b10789d4241
247blinds.fr,AVAILABILITY,domains.list,domains.list,2023-02-01 17:40:11.180193,e9f9d559a0dd8b10789d4241
247playz.com,AVAILABILITY,domains.list,domains.list,2023-02-01 17:40:12.416537,e9f9d559a0dd8b10789d4241
247support.adtech.fr,AVAILABILITY,domains.list,domains.list,2023-02-01 17:40:14.591659,e9f9d559a0dd8b10789d4241
247support.adtech.us,AVAILABILITY,domains.list,domains.list,2023-02-01 17:40:16.639996,e9f9d559a0dd8b10789d4241
24ora.eu,AVAILABILITY,domains.list,domains.list,2023-02-01 17:40:23.852059,e9f9d559a0dd8b10789d4241
24ratownik.hit.gemius.pl,AVAILABILITY,domains.list,domains.list,2023-02-01 17:40:29.692367,e9f9d559a0dd8b10789d4241
24trk.com,AVAILABILITY,domains.list,domains.list,2023-02-01 17:40:32.148915,e9f9d559a0dd8b10789d4241
24x7.soliday.org,AVAILABILITY,domains.list,domains.list,2023-02-01 17:40:35.872178,e9f9d559a0dd8b10789d4241
25184.hittail.com,AVAILABILITY,domains.list,domains.list,2023-02-01 17:40:36.695449,e9f9d559a0dd8b10789d4241
2819.linux2.testsider.dk,AVAILABILITY,domains.list,domains.list,2023-02-01 17:40:38.711229,e9f9d559a0dd8b10789d4241
2975c.v.fwmrm.net,AVAILABILITY,domains.list,domains.list,2023-02-01 17:40:39.317406,e9f9d559a0dd8b10789d4241
2girls1cup-free.com,AVAILABILITY,domains.list,domains.list,2023-02-01 17:40:39.649279,e9f9d559a0dd8b10789d4241
2girls1cup.cc,AVAILABILITY,domains.list,domains.list,2023-02-01 17:40:40.407733,e9f9d559a0dd8b10789d4241
2girls1cup.com,AVAILABILITY,domains.list,domains.list,2023-02-01 17:40:49.667092,e9f9d559a0dd8b10789d4241
2girls1cup.nl,AVAILABILITY,domains.list,domains.list,2023-02-01 17:40:51.194994,e9f9d559a0dd8b10789d4241
2girls1cup.ws,AVAILABILITY,domains.list,domains.list,2023-02-01 17:40:51.860820,e9f9d559a0dd8b10789d4241
2girls1finger.com,AVAILABILITY,domains.list,domains.list,2023-02-01 17:41:12.510369,e9f9d559a0dd8b10789d4241
2girls1finger.org,AVAILABILITY,domains.list,domains.list,2023-02-01 17:41:14.578391,e9f9d559a0dd8b10789d4241
2guys1stump.org,AVAILABILITY,domains.list,domains.list,2023-02-01 17:41:18.807092,e9f9d559a0dd8b10789d4241
2leep.com,AVAILABILITY,domains.list,domains.list,2023-02-01 17:41:19.278492,e9f9d559a0dd8b10789d4241
2o7.net,AVAILABILITY,domains.list,domains.list,2023-02-01 17:41:19.637540,e9f9d559a0dd8b10789d4241
2perc.info,AVAILABILITY,domains.list,domains.list,2023-02-01 17:41:20.237569,e9f9d559a0dd8b10789d4241
2roueselectrique.fr,AVAILABILITY,domains.list,domains.list,2023-02-01 17:41:20.726929,e9f9d559a0dd8b10789d4241
2site.com,AVAILABILITY,domains.list,domains.list,2023-02-01 17:41:23.285293,e9f9d559a0dd8b10789d4241
321cba.com,AVAILABILITY,domains.list,domains.list,2023-02-01 17:41:24.395441,e9f9d559a0dd8b10789d4241
32red.it,AVAILABILITY,domains.list,domains.list,2023-02-01 17:41:25.760149,e9f9d559a0dd8b10789d4241
33b.b33r.net,AVAILABILITY,domains.list,domains.list,2023-02-01 17:41:26.278020,e9f9d559a0dd8b10789d4241
360ads.com,AVAILABILITY,domains.list,domains.list,2023-02-01 17:41:29.232880,e9f9d559a0dd8b10789d4241
365redirect.co,AVAILABILITY,domains.list,domains.list,2023-02-01 17:41:29.760926,e9f9d559a0dd8b10789d4241
3fns.com,AVAILABILITY,domains.list,domains.list,2023-02-01 17:41:31.064670,e9f9d559a0dd8b10789d4241
3guys1hammer.ws,AVAILABILITY,domains.list,domains.list,2023-02-01 17:41:33.366815,e9f9d559a0dd8b10789d4241
3mfrances.fr,AVAILABILITY,domains.list,domains.list,2023-02-01 17:41:33.722212,e9f9d559a0dd8b10789d4241
4-counter.com,AVAILABILITY,domains.list,domains.list,2023-02-01 17:41:34.125306,e9f9d559a0dd8b10789d4241
411playz.com,AVAILABILITY,domains.list,domains.list,2023-02-01 17:41:34.869997,e9f9d559a0dd8b10789d4241
4allfree.com,AVAILABILITY,domains.list,domains.list,2023-02-01 17:41:35.481929,e9f9d559a0dd8b10789d4241
4c28d6.r.axf8.net,AVAILABILITY,domains.list,domains.list,2023-02-01 17:41:35.971653,e9f9d559a0dd8b10789d4241
4girlsfingerpaint.com,AVAILABILITY,domains.list,domains.list,2023-02-01 17:41:36.885551,e9f9d559a0dd8b10789d4241
4girlsfingerpaint.org,AVAILABILITY,domains.list,domains.list,2023-02-01 17:41:37.611868,e9f9d559a0dd8b10789d4241
4qinvite.4q.iperceptions.com,AVAILABILITY,domains.list,domains.list,2023-02-01 17:41:39.149043,e9f9d559a0dd8b10789d4241
4th3d48.com,AVAILABILITY,domains.list,domains.list,2023-02-01 17:41:39.528195,e9f9d559a0dd8b10789d4241
55.2myip.com,AVAILABILITY,domains.list,domains.list,2023-02-01 17:41:41.194850,e9f9d559a0dd8b10789d4241
59-106-20-39.r-bl100.sakura.ne.jp,AVAILABILITY,domains.list,domains.list,2023-02-01 17:41:41.524978,e9f9d559a0dd8b10789d4241
6159.genieessp.com,AVAILABILITY,domains.list,domains.list,2023-02-01 17:41:42.773350,e9f9d559a0dd8b10789d4241
6165.rapidforum.com,AVAILABILITY,domains.list,domains.list,2023-02-01 17:41:43.672961,e9f9d559a0dd8b10789d4241
6kup12tgxx.com,AVAILABILITY,domains.list,domains.list,2023-02-01 17:41:45.704830,e9f9d559a0dd8b10789d4241
6range.fr,AVAILABILITY,domains.list,domains.list,2023-02-01 17:41:46.439353,e9f9d559a0dd8b10789d4241
7500.com,AVAILABILITY,domains.list,domains.list,2023-02-01 17:41:47.205027,e9f9d559a0dd8b10789d4241
75esession.fr,AVAILABILITY,domains.list,domains.list,2023-02-01 17:41:47.578452,e9f9d559a0dd8b10789d4241
76.a.boom.ro,AVAILABILITY,domains.list,domains.list,2023-02-01 17:41:49.793494,e9f9d559a0dd8b10789d4241
7adpower.com,AVAILABILITY,domains.list,domains.list,2023-02-01 17:41:51.625273,e9f9d559a0dd8b10789d4241
7bpeople.com,AVAILABILITY,domains.list,domains.list,2023-02-01 17:41:54.602623,e9f9d559a0dd8b10789d4241
7frenchweb.fr,AVAILABILITY,domains.list,domains.list,2023-02-01 17:41:55.281316,e9f9d559a0dd8b10789d4241
7x.cc,AVAILABILITY,domains.list,domains.list,2023-02-01 17:41:56.096804,e9f9d559a0dd8b10789d4241
7xc4n.com,AVAILABILITY,domains.list,domains.list,2023-02-01 17:41:56.602061,e9f9d559a0dd8b10789d4241
7zip.fr,AVAILABILITY,domains.list,domains.list,2023-02-01 17:41:58.654061,e9f9d559a0dd8b10789d4241
820.joomsearch.com,AVAILABILITY,domains.list,domains.list,2023-02-01 17:41:59.618811,e9f9d559a0dd8b10789d4241
829331534d183e7d1f6a-8d91cc88b27b979d0ea53a10ce8855ec.r96.cf5.rackcdn.com,AVAILABILITY,domains.list,domains.list,2023-02-01 17:42:00.632931,e9f9d559a0dd8b10789d4241
85103.hittail.com,AVAILABILITY,domains.list,domains.list,2023-02-01 17:42:01.456950,e9f9d559a0dd8b10789d4241
8574dnj3yzjace8c8io6zr9u3n.hop.clickbank.net,AVAILABILITY,domains.list,domains.list,2023-02-01 17:42:02.653693,e9f9d559a0dd8b10789d4241
888casino.com,AVAILABILITY,domains.list,domains.list,2023-02-01 17:42:04.803028,e9f9d559a0dd8b10789d4241
8hj500ro4t7.groovepages.com,AVAILABILITY,domains.list,domains.list,2023-02-01 17:42:05.539581,e9f9d559a0dd8b10789d4241
911.x24hr.com,AVAILABILITY,domains.list,domains.list,2023-02-01 17:42:06.777907,e9f9d559a0dd8b10789d4241
961.com,AVAILABILITY,domains.list,domains.list,2023-02-01 17:42:08.033402,e9f9d559a0dd8b10789d4241
9cd76b4462bb.com,AVAILABILITY,domains.list,domains.list,2023-02-01 17:42:08.586569,e9f9d559a0dd8b10789d4241
a-ads.com,AVAILABILITY,domains.list,domains.list,2023-02-01 17:42:08.903825,e9f9d559a0dd8b10789d4241
a-blog.eu,AVAILABILITY,domains.list,domains.list,2023-02-01 17:42:09.624593,e9f9d559a0dd8b10789d4241
a-nj.1rx.io,AVAILABILITY,domains.list,domains.list,2023-02-01 17:42:10.009033,e9f9d559a0dd8b10789d4241
a-redirect.com,AVAILABILITY,domains.list,domains.list,2023-02-01 17:42:10.587335,e9f9d559a0dd8b10789d4241
a-resolver.com,AVAILABILITY,domains.list,domains.list,2023-02-01 17:42:11.121209,e9f9d559a0dd8b10789d4241
a-ssl.ligatus.com,AVAILABILITY,domains.list,domains.list,2023-02-01 17:42:11.772355,e9f9d559a0dd8b10789d4241
a.1nimo.com,AVAILABILITY,domains.list,domains.list,2023-02-01 17:42:12.547511,e9f9d559a0dd8b10789d4241
a.ad.playstation.net,AVAILABILITY,domains.list,domains.list,2023-02-01 17:42:13.632641,e9f9d559a0dd8b10789d4241
a.adorika.net,AVAILABILITY,domains.list,domains.list,2023-02-01 17:42:15.064134,e9f9d559a0dd8b10789d4241
a.adready.com,AVAILABILITY,domains.list,domains.list,2023-02-01 17:42:15.598244,e9f9d559a0dd8b10789d4241
a.adroll.com,AVAILABILITY,domains.list,domains.list,2023-02-01 17:42:16.157686,e9f9d559a0dd8b10789d4241
a.ads1.msn.com,AVAILABILITY,domains.list,domains.list,2023-02-01 17:42:16.660821,e9f9d559a0dd8b10789d4241
a.ads2.msads.net,AVAILABILITY,domains.list,domains.list,2023-02-01 17:42:17.035533,e9f9d559a0dd8b10789d4241
a.ads2.msn.com,AVAILABILITY,domains.list,domains.list,2023-02-01 17:42:32.484721,e9f9d559a0dd8b10789d4241
a.adstome.com,AVAILABILITY,domains.list,domains.list,2023-02-01 17:42:33.320406,e9f9d559a0dd8b10789d4241
a.adtng.com,AVAILABILITY,domains.list,domains.list,2023-02-01 17:42:34.934759,e9f9d559a0dd8b10789d4241
a.applvn.com,AVAILABILITY,domains.list,domains.list,2023-02-01 17:42:35.395135,e9f9d559a0dd8b10789d4241
a.baidu.com,AVAILABILITY,domains.list,domains.list,2023-02-01 17:42:59.101158,e9f9d559a0dd8b10789d4241
a.boom.ro,AVAILABILITY,domains.list,domains.list,2023-02-01 17:43:00.097935,e9f9d559a0dd8b10789d4241
a.cctv.com,AVAILABILITY,domains.list,domains.list,2023-02-01 17:44:17.066514,e9f9d559a0dd8b10789d4241
a.cntv.cn,AVAILABILITY,domains.list,domains.list,2023-02-01 17:44:38.831540,e9f9d559a0dd8b10789d4241
a.dynad.net,AVAILABILITY,domains.list,domains.list,2023-02-01 17:44:40.877045,e9f9d559a0dd8b10789d4241
a.kaytri.com,AVAILABILITY,domains.list,domains.list,2023-02-01 17:44:41.884445,e9f9d559a0dd8b10789d4241
a.kerg.net,AVAILABILITY,domains.list,domains.list,2023-02-01 17:44:43.288195,e9f9d559a0dd8b10789d4241
a.libertystmedia.com,AVAILABILITY,domains.list,domains.list,2023-02-01 17:44:43.869192,e9f9d559a0dd8b10789d4241
a.ligatus.com,AVAILABILITY,domains.list,domains.list,2023-02-01 17:44:44.807012,e9f9d559a0dd8b10789d4241
a.ligatus.de,AVAILABILITY,domains.list,domains.list,2023-02-01 17:44:46.051167,e9f9d559a0dd8b10789d4241
a.mktw.net,AVAILABILITY,domains.list,domains.list,2023-02-01 17:44:46.622176,e9f9d559a0dd8b10789d4241
a.o333o.com,AVAILABILITY,domains.list,domains.list,2023-02-01 17:44:47.226542,e9f9d559a0dd8b10789d4241
a.phormlabs.com,AVAILABILITY,domains.list,domains.list,2023-02-01 17:44:47.771656,e9f9d559a0dd8b10789d4241
a.predictvideo.com,AVAILABILITY,domains.list,domains.list,2023-02-01 17:44:48.876390,e9f9d559a0dd8b10789d4241
a.prisacom.com,AVAILABILITY,domains.list,domains.list,2023-02-01 17:45:09.441319,e9f9d559a0dd8b10789d4241
a.rad.live.com,AVAILABILITY,domains.list,domains.list,2023-02-01 17:45:16.973711,e9f9d559a0dd8b10789d4241
a.rad.msn.com,AVAILABILITY,domains.list,domains.list,2023-02-01 17:45:17.387617,e9f9d559a0dd8b10789d4241
a.spolecznosci.net,AVAILABILITY,domains.list,domains.list,2023-02-01 17:45:18.610095,e9f9d559a0dd8b10789d4241
a.ss34.on9mail.com,AVAILABILITY,domains.list,domains.list,2023-02-01 17:45:32.245155,e9f9d559a0dd8b10789d4241
a.total-media.net,AVAILABILITY,domains.list,domains.list,2023-02-01 17:46:09.330222,e9f9d559a0dd8b10789d4241
a.tribalfusion.com,AVAILABILITY,domains.list,domains.list,2023-02-01 17:46:09.714623,e9f9d559a0dd8b10789d4241
a.triggit.com,AVAILABILITY,domains.list,domains.list,2023-02-01 17:46:10.373177,e9f9d559a0dd8b10789d4241
a.twiago.com,AVAILABILITY,domains.list,domains.list,2023-02-01 17:46:13.803967,e9f9d559a0dd8b10789d4241
a.visualrevenue.com,AVAILABILITY,domains.list,domains.list,2023-02-01 17:46:14.876295,e9f9d559a0dd8b10789d4241
a.websponsors.com,AVAILABILITY,domains.list,domains.list,2023-02-01 17:46:15.826177,e9f9d559a0dd8b10789d4241
a.webwise.org,AVAILABILITY,domains.list,domains.list,2023-02-01 17:46:20.794139,e9f9d559a0dd8b10789d4241
a15172379.alturo-server.de,AVAILABILITY,domains.list,domains.list,2023-02-01 17:46:21.225613,e9f9d559a0dd8b10789d4241
a2.mediagra.com,AVAILABILITY,domains.list,domains.list,2023-02-01 17:47:02.132827,e9f9d559a0dd8b10789d4241
a3.suntimes.com,AVAILABILITY,domains.list,domains.list,2023-02-01 17:47:03.394952,e9f9d559a0dd8b10789d4241
a7cleaner.com,AVAILABILITY,domains.list,domains.list,2023-02-01 17:47:04.620341,e9f9d559a0dd8b10789d4241
aa.agkn.com,AVAILABILITY,domains.list,domains.list,2023-02-01 17:47:05.236008,e9f9d559a0dd8b10789d4241
aa.tweakers.nl,AVAILABILITY,domains.list,domains.list,2023-02-01 17:47:06.687703,e9f9d559a0dd8b10789d4241
aaa-architecten.nl,AVAILABILITY,domains.list,domains.list,2023-02-01 17:47:07.067453,e9f9d559a0dd8b10789d4241
aaa-arcobaleno.it,AVAILABILITY,domains.list,domains.list,2023-02-01 17:47:07.819929,e9f9d559a0dd8b10789d4241
aaam.fr,AVAILABILITY,domains.list,domains.list,2023-02-01 17:47:08.584228,e9f9d559a0dd8b10789d4241
aac-lyon.fr,AVAILABILITY,domains.list,domains.list,2023-02-01 17:47:08.913862,e9f9d559a0dd8b10789d4241
aads.treehugger.com,AVAILABILITY,domains.list,domains.list,2023-02-01 17:47:10.279119,e9f9d559a0dd8b10789d4241
aalocine.fr,AVAILABILITY,domains.list,domains.list,2023-02-01 17:47:10.619884,e9f9d559a0dd8b10789d4241
aan.amazon.com,AVAILABILITY,domains.list,domains.list,2023-02-01 17:47:11.114269,e9f9d559a0dd8b10789d4241
aarth.net,AVAILABILITY,domains.list,domains.list,2023-02-01 17:47:12.205252,e9f9d559a0dd8b10789d4241
aax-cpm.amazon-adsystem.com,AVAILABILITY,domains.list,domains.list,2023-02-01 17:47:12.679095,e9f9d559a0dd8b10789d4241
aax-us-east.amazon-adsystem.com,AVAILABILITY,domains.list,domains.list,2023-02-01 17:47:12.996670,e9f9d559a0dd8b10789d4241
aax-us-pdx.amazon-adsystem.com,AVAILABILITY,domains.list,domains.list,2023-02-01 17:47:13.363289,e9f9d559a0dd8b10789d4241
aax.amazon-adsystem.com,AVAILABILITY,domains.list,domains.list,2023-02-01 17:47:13.771080,e9f9d559a0dd8b10789d4241
ab.5.p2l.info,AVAILABILITY,domains.list,domains.list,2023-02-01 17:47:17.207065,e9f9d559a0dd8b10789d4241
ab.tweakers.nl,AVAILABILITY,domains.list,domains.list,2023-02-01 17:47:18.100173,e9f9d559a0dd8b10789d4241
ab913aa797e78b3.com,AVAILABILITY,domains.list,domains.list,2023-02-01 17:47:18.604232,e9f9d559a0dd8b10789d4241
abchina.fr,AVAILABILITY,domains.list,domains.list,2023-02-01 17:47:19.157258,e9f9d559a0dd8b10789d4241
abclnks.com,AVAILABILITY,domains.list,domains.list,2023-02-01 17:47:20.335328,e9f9d559a0dd8b10789d4241
abetterinternet.com,AVAILABILITY,domains.list,domains.list,2023-02-01 17:47:21.053032,e9f9d559a0dd8b10789d4241
abi83-schramberg.de,AVAILABILITY,domains.list,domains.list,2023-02-01 17:47:21.933119,e9f9d559a0dd8b10789d4241
aboardamusement.com,AVAILABILITY,domains.list,domains.list,2023-02-01 17:47:22.460464,e9f9d559a0dd8b10789d4241
abourselfi.com,AVAILABILITY,domains.list,domains.list,2023-02-01 17:47:22.958028,e9f9d559a0dd8b10789d4241
aboutharrypotter.fasthost.tv,AVAILABILITY,domains.list,domains.list,2023-02-01 17:47:23.503306,e9f9d559a0dd8b10789d4241
abrittel.fr,AVAILABILITY,domains.list,domains.list,2023-02-01 17:47:23.861722,e9f9d559a0dd8b10789d4241
abrutel.fr,AVAILABILITY,domains.list,domains.list,2023-02-01 17:47:24.461765,e9f9d559a0dd8b10789d4241
abruzzoinitaly.co.uk,AVAILABILITY,domains.list,domains.list,2023-02-01 17:47:45.716702,e9f9d559a0dd8b10789d4241
abscbn.spinbox.net,AVAILABILITY,domains.list,domains.list,2023-02-01 17:47:53.197934,e9f9d559a0dd8b10789d4241
abseckw.adtlgc.com,AVAILABILITY,domains.list,domains.list,2023-02-01 17:47:53.830472,e9f9d559a0dd8b10789d4241
abshop.fr,AVAILABILITY,domains.list,domains.list,2023-02-01 17:47:54.363195,e9f9d559a0dd8b10789d4241
absolutewrite.fr,AVAILABILITY,domains.list,domains.list,2023-02-01 17:47:54.971673,e9f9d559a0dd8b10789d4241
abyssmedia.fr,AVAILABILITY,domains.list,domains.list,2023-02-01 17:47:55.775453,e9f9d559a0dd8b10789d4241
ac-crerteil.fr,AVAILABILITY,domains.list,domains.list,2023-02-01 17:47:56.118665,e9f9d559a0dd8b10789d4241
ac-strasboourg.fr,AVAILABILITY,domains.list,domains.list,2023-02-01 17:47:56.454120,e9f9d559a0dd8b10789d4241
ac-versdailles.fr,AVAILABILITY,domains.list,domains.list,2023-02-01 17:47:56.762736,e9f9d559a0dd8b10789d4241
ac.atpanel.com,AVAILABILITY,domains.list,domains.list,2023-02-01 17:48:18.386951,e9f9d559a0dd8b10789d4241
ac.rnm.ca,AVAILABILITY,domains.list,domains.list,2023-02-01 17:48:43.993147,e9f9d559a0dd8b10789d4241
ac.tynt.com,AVAILABILITY,domains.list,domains.list,2023-02-01 17:48:45.242090,e9f9d559a0dd8b10789d4241
aca-languedoc.fr,AVAILABILITY,domains.list,domains.list,2023-02-01 17:48:45.564220,e9f9d559a0dd8b10789d4241
academy-internet.net,AVAILABILITY,domains.list,domains.list,2023-02-01 17:48:46.041206,e9f9d559a0dd8b10789d4241
acces.streaming-direct.co,AVAILABILITY,domains.list,domains.list,2023-02-01 17:48:46.439668,e9f9d559a0dd8b10789d4241
accessfreevpn.com,AVAILABILITY,domains.list,domains.list,2023-02-01 17:48:48.987715,e9f9d559a0dd8b10789d4241
accomodation-tastes.net,AVAILABILITY,domains.list,domains.list,2023-02-01 17:48:50.022167,e9f9d559a0dd8b10789d4241
accountcanceled.com,AVAILABILITY,domains.list,domains.list,2023-02-01 17:49:11.523292,e9f9d559a0dd8b10789d4241
accountnotify.com,AVAILABILITY,domains.list,domains.list,2023-02-01 17:49:12.190450,e9f9d559a0dd8b10789d4241
accountprotection.xyz,AVAILABILITY,domains.list,domains.list,2023-02-01 17:49:12.992362,e9f9d559a0dd8b10789d4241
accounts.mx,AVAILABILITY,domains.list,domains.list,2023-02-01 17:49:20.300160,e9f9d559a0dd8b10789d4241
accounts.secure-ua.website,AVAILABILITY,domains.list,domains.list,2023-02-01 17:49:20.974438,e9f9d559a0dd8b10789d4241
accountsections.com,AVAILABILITY,domains.list,domains.list,2023-02-01 17:49:41.683006,e9f9d559a0dd8b10789d4241
acessoires-electromenager.fr,AVAILABILITY,domains.list,domains.list,2023-02-01 17:49:41.997640,e9f9d559a0dd8b10789d4241
acglgoa.com,AVAILABILITY,domains.list,domains.list,2023-02-01 17:49:47.333271,e9f9d559a0dd8b10789d4241
achetezfacile.com,AVAILABILITY,domains.list,domains.list,2023-02-01 17:49:55.583411,e9f9d559a0dd8b10789d4241
acmen.fr,AVAILABILITY,domains.list,domains.list,2023-02-01 17:49:56.268970,e9f9d559a0dd8b10789d4241
acnenomor.com,AVAILABILITY,domains.list,domains.list,2023-02-01 17:49:58.475278,e9f9d559a0dd8b10789d4241
acs.56.com,AVAILABILITY,domains.list,domains.list,2023-02-01 17:50:03.728843,e9f9d559a0dd8b10789d4241
acs.agent.56.com,AVAILABILITY,domains.list,domains.list,2023-02-01 17:51:51.943298,e9f9d559a0dd8b10789d4241
acs.agent.v-56.com,AVAILABILITY,domains.list,domains.list,2023-02-01 17:51:55.632925,e9f9d559a0dd8b10789d4241
acsentia.fr,AVAILABILITY,domains.list,domains.list,2023-02-01 17:51:56.093117,e9f9d559a0dd8b10789d4241
actforvictory.112.2o7.net,AVAILABILITY,domains.list,domains.list,2023-02-01 17:51:56.671217,e9f9d559a0dd8b10789d4241
action.mathtag.com,AVAILABILITY,domains.list,domains.list,2023-02-01 17:51:58.006811,e9f9d559a0dd8b10789d4241
action.media6degrees.com,AVAILABILITY,domains.list,domains.list,2023-02-01 17:52:00.140975,e9f9d559a0dd8b10789d4241
actiondesk.com,AVAILABILITY,domains.list,domains.list,2023-02-01 17:52:01.417567,e9f9d559a0dd8b10789d4241
actionflash.com,AVAILABILITY,domains.list,domains.list,2023-02-01 17:52:03.741304,e9f9d559a0dd8b10789d4241
actionsplash.com,AVAILABILITY,domains.list,domains.list,2023-02-01 17:52:04.264723,e9f9d559a0dd8b10789d4241
active-folders.com,AVAILABILITY,domains.list,domains.list,2023-02-01 17:52:04.800800,e9f9d559a0dd8b10789d4241
activebeat.fr,AVAILABILITY,domains.list,domains.list,2023-02-01 17:52:05.338209,e9f9d559a0dd8b10789d4241
activity.serving-sys.com,AVAILABILITY,domains.list,domains.list,2023-02-01 17:52:05.628538,e9f9d559a0dd8b10789d4241
actu24.online,AVAILABILITY,domains.list,domains.list,2023-02-01 17:52:07.497265,e9f9d559a0dd8b10789d4241
aculo.fr,AVAILABILITY,domains.list,domains.list,2023-02-01 17:52:07.971408,e9f9d559a0dd8b10789d4241
acvs.mediaonenetwork.net,AVAILABILITY,domains.list,domains.list,2023-02-01 17:52:09.616773,e9f9d559a0dd8b10789d4241
acvsrv.mediaonenetwork.net,AVAILABILITY,domains.list,domains.list,2023-02-01 17:52:10.721556,e9f9d559a0dd8b10789d4241
acyclovir.1.p2l.info,AVAILABILITY,domains.list,domains.list,2023-02-01 17:52:14.041594,e9f9d559a0dd8b10789d4241
ad-411.com,AVAILABILITY,domains.list,domains.list,2023-02-01 17:52:14.538191,e9f9d559a0dd8b10789d4241
ad-audit.tubemogul.com,AVAILABILITY,domains.list,domains.list,2023-02-01 17:52:15.022550,e9f9d559a0dd8b10789d4241
ad-balancer.net,AVAILABILITY,domains.list,domains.list,2023-02-01 17:52:15.323866,e9f9d559a0dd8b10789d4241
ad-clicks.com,AVAILABILITY,domains.list,domains.list,2023-02-01 17:52:15.715373,e9f9d559a0dd8b10789d4241
ad-delivery.net,AVAILABILITY,domains.list,domains.list,2023-02-01 17:52:15.998766,e9f9d559a0dd8b10789d4241
ad-emea.doubleclick.net,AVAILABILITY,domains.list,domains.list,2023-02-01 17:52:16.287506,e9f9d559a0dd8b10789d4241
ad-feeds.com,AVAILABILITY,domains.list,domains.list,2023-02-01 17:52:16.904013,e9f9d559a0dd8b10789d4241
ad-flow.com,AVAILABILITY,domains.list,domains.list,2023-02-01 17:52:17.284022,e9f9d559a0dd8b10789d4241
ad-g.doubleclick.net,AVAILABILITY,domains.list,domains.list,2023-02-01 17:52:17.572290,e9f9d559a0dd8b10789d4241
ad-gbn.com,AVAILABILITY,domains.list,domains.list,2023-02-01 17:53:10.988152,e9f9d559a0dd8b10789d4241
ad-generator.net,AVAILABILITY,domains.list,domains.list,2023-02-01 17:53:11.420553,e9f9d559a0dd8b10789d4241
ad-indicator.com,AVAILABILITY,domains.list,domains.list,2023-02-01 17:53:11.806114,e9f9d559a0dd8b10789d4241
ad-mediation.tuanguwen.com,AVAILABILITY,domains.list,domains.list,2023-02-01 17:53:12.226793,e9f9d559a0dd8b10789d4241
ad-plus.cn,AVAILABILITY,domains.list,domains.list,2023-02-01 17:53:12.763516,e9f9d559a0dd8b10789d4241
ad-score.com,AVAILABILITY,domains.list,domains.list,2023-02-01 17:53:13.042635,e9f9d559a0dd8b10789d4241
ad-server.co.za,AVAILABILITY,domains.list,domains.list,2023-02-01 17:53:14.613027,e9f9d559a0dd8b10789d4241
ad-serverparc.nl,AVAILABILITY,domains.list,domains.list,2023-02-01 17:53:14.881176,e9f9d559a0dd8b10789d4241
ad-souk.com,AVAILABILITY,domains.list,domains.list,2023-02-01 17:53:15.151088,e9f9d559a0dd8b10789d4241
ad-sponsor.com,AVAILABILITY,domains.list,domains.list,2023-02-01 17:53:15.538448,e9f9d559a0dd8b10789d4241
ad-srv.net,AVAILABILITY,domains.list,domains.list,2023-02-01 17:53:15.943993,e9f9d559a0dd8b10789d4241
ad-switcher.com,AVAILABILITY,domains.list,domains.list,2023-02-01 17:53:16.447627,e9f9d559a0dd8b10789d4241
ad-u.com,AVAILABILITY,domains.list,domains.list,2023-02-01 17:53:16.812387,e9f9d559a0dd8b10789d4241
ad-vice.biz,AVAILABILITY,domains.list,domains.list,2023-02-01 17:53:17.630366,e9f9d559a0dd8b10789d4241
ad.103092804.com,AVAILABILITY,domains.list,domains.list,2023-02-01 17:53:18.656445,e9f9d559a0dd8b10789d4241
ad.23blogs.com,AVAILABILITY,domains.list,domains.list,2023-02-01 17:53:19.949412,e9f9d559a0dd8b10789d4241
ad.360yield.com,AVAILABILITY,domains.list,domains.list,2023-02-01 17:53:20.574436,e9f9d559a0dd8b10789d4241
ad.3dnews.ru,AVAILABILITY,domains.list,domains.list,2023-02-01 17:53:31.946114,e9f9d559a0dd8b10789d4241
ad.71i.de,AVAILABILITY,domains.list,domains.list,2023-02-01 17:53:32.789448,e9f9d559a0dd8b10789d4241
ad.abcnews.com,AVAILABILITY,domains.list,domains.list,2023-02-01 17:53:53.292132,e9f9d559a0dd8b10789d4241
ad.aboutwebservices.com,AVAILABILITY,domains.list,domains.list,2023-02-01 17:53:53.876465,e9f9d559a0dd8b10789d4241
ad.adition.de,AVAILABILITY,domains.list,domains.list,2023-02-01 17:54:14.974662,e9f9d559a0dd8b10789d4241
ad.adition.net,AVAILABILITY,domains.list,domains.list,2023-02-01 17:54:37.066941,e9f9d559a0dd8b10789d4241
ad.adnet.biz,AVAILABILITY,domains.list,domains.list,2023-02-01 17:54:38.888502,e9f9d559a0dd8b10789d4241
ad.adnet.de,AVAILABILITY,domains.list,domains.list,2023-02-01 17:54:40.392016,e9f9d559a0dd8b10789d4241
ad.adnetwork.com.br,AVAILABILITY,domains.list,domains.list,2023-02-01 17:54:42.064628,e9f9d559a0dd8b10789d4241
ad.adnetwork.net,AVAILABILITY,domains.list,domains.list,2023-02-01 17:54:42.803247,e9f9d559a0dd8b10789d4241
ad.adorika.com,AVAILABILITY,domains.list,domains.list,2023-02-01 17:54:43.836884,e9f9d559a0dd8b10789d4241
ad.adriver.ru,AVAILABILITY,domains.list,domains.list,2023-02-01 17:54:50.715210,e9f9d559a0dd8b10789d4241
ad.adsmart.net,AVAILABILITY,domains.list,domains.list,2023-02-01 17:54:52.865132,e9f9d559a0dd8b10789d4241
ad.adsrvr.org,AVAILABILITY,domains.list,domains.list,2023-02-01 17:54:53.449871,e9f9d559a0dd8b10789d4241
ad.adtegrity.net,AVAILABILITY,domains.list,domains.list,2023-02-01 17:54:54.164785,e9f9d559a0dd8b10789d4241
ad.adverticum.net,AVAILABILITY,domains.list,domains.list,2023-02-01 17:54:55.554850,e9f9d559a0dd8b10789d4241
ad.advertstream.com,AVAILABILITY,domains.list,domains.list,2023-02-01 17:54:56.543264,e9f9d559a0dd8b10789d4241
ad.adview.pl,AVAILABILITY,domains.list,domains.list,2023-02-01 17:54:58.364420,e9f9d559a0dd8b10789d4241
ad.ae.doubleclick.net,AVAILABILITY,domains.list,domains.list,2023-02-01 17:54:58.890517,e9f9d559a0dd8b10789d4241
ad.afilo.pl,AVAILABILITY,domains.list,domains.list,2023-02-01 17:55:00.956606,e9f9d559a0dd8b10789d4241
ad.afy11.net,AVAILABILITY,domains.list,domains.list,2023-02-01 17:55:01.881203,e9f9d559a0dd8b10789d4241
ad.agilemedia.jp,AVAILABILITY,domains.list,domains.list,2023-02-01 17:55:22.627373,e9f9d559a0dd8b10789d4241
ad.allyes.cn,AVAILABILITY,domains.list,domains.list,2023-02-01 17:56:43.048442,e9f9d559a0dd8b10789d4241
ad.amgdgt.com,AVAILABILITY,domains.list,domains.list,2023-02-01 17:56:44.291850,e9f9d559a0dd8b10789d4241
ad.aquamediadirect.com,AVAILABILITY,domains.list,domains.list,2023-02-01 17:56:45.058405,e9f9d559a0dd8b10789d4241
ad.auditude.com,AVAILABILITY,domains.list,domains.list,2023-02-01 17:56:45.516204,e9f9d559a0dd8b10789d4241
ad.bannerbank.ru,AVAILABILITY,domains.list,domains.list,2023-02-01 17:57:07.032861,e9f9d559a0dd8b10789d4241
ad.be.doubleclick.net,AVAILABILITY,domains.list,domains.list,2023-02-01 17:57:07.527655,e9f9d559a0dd8b10789d4241
ad.bnmla.com,AVAILABILITY,domains.list,domains.list,2023-02-01 17:57:12.925816,e9f9d559a0dd8b10789d4241
ad.br.doubleclick.net,AVAILABILITY,domains.list,domains.list,2023-02-01 17:57:13.525107,e9f9d559a0dd8b10789d4241
ad.cctv.com,AVAILABILITY,domains.list,domains.list,2023-02-01 17:57:15.558439,e9f9d559a0dd8b10789d4241
ad.cibleclick.com,AVAILABILITY,domains.list,domains.list,2023-02-01 17:57:16.643962,e9f9d559a0dd8b10789d4241
ad.clickotmedia.com,AVAILABILITY,domains.list,domains.list,2023-02-01 17:57:37.183360,e9f9d559a0dd8b10789d4241
ad.cooks.com,AVAILABILITY,domains.list,domains.list,2023-02-01 17:57:58.185244,e9f9d559a0dd8b10789d4241
ad.dc2.adtech.de,AVAILABILITY,domains.list,domains.list,2023-02-01 17:57:58.893910,e9f9d559a0dd8b10789d4241
ad.de.doubleclick.net,AVAILABILITY,domains.list,domains.list,2023-02-01 17:57:59.349710,e9f9d559a0dd8b10789d4241
ad.deviantart.com,AVAILABILITY,domains.list,domains.list,2023-02-01 17:57:59.853406,e9f9d559a0dd8b10789d4241
ad.directmirror.com,AVAILABILITY,domains.list,domains.list,2023-02-01 17:58:00.436020,e9f9d559a0dd8b10789d4241
ad.directrev.com,AVAILABILITY,domains.list,domains.list,2023-02-01 17:58:00.842538,e9f9d559a0dd8b10789d4241
ad.dk.doubleclick.net,AVAILABILITY,domains.list,domains.list,2023-02-01 17:58:01.530240,e9f9d559a0dd8b10789d4241
ad.doganburda.com,AVAILABILITY,domains.list,domains.list,2023-02-01 17:58:03.587209,e9f9d559a0dd8b10789d4241
ad.doubleclick.net,AVAILABILITY,domains.list,domains.list,2023-02-01 17:58:04.484486,e9f9d559a0dd8b10789d4241
ad.doublemax.net,AVAILABILITY,domains.list,domains.list,2023-02-01 17:58:05.378622,e9f9d559a0dd8b10789d4241
ad.duga.jp,AVAILABILITY,domains.list,domains.list,2023-02-01 17:58:06.293030,e9f9d559a0dd8b10789d4241
ad.e-kolay.net,AVAILABILITY,domains.list,domains.list,2023-02-01 17:58:06.600901,e9f9d559a0dd8b10789d4241
ad.egloos.com,AVAILABILITY,domains.list,domains.list,2023-02-01 17:58:08.169999,e9f9d559a0dd8b10789d4241
ad.ekonomikticaret.com,AVAILABILITY,domains.list,domains.list,2023-02-01 17:58:12.571233,e9f9d559a0dd8b10789d4241
ad.eporner.com,AVAILABILITY,domains.list,domains.list,2023-02-01 17:58:13.719415,e9f9d559a0dd8b10789d4241
ad.es.doubleclick.net,AVAILABILITY,domains.list,domains.list,2023-02-01 17:58:14.265864,e9f9d559a0dd8b10789d4241
ad.ettoday.net,AVAILABILITY,domains.list,domains.list,2023-02-01 17:58:16.005395,e9f9d559a0dd8b10789d4241
ad.eurosport.com,AVAILABILITY,domains.list,domains.list,2023-02-01 17:58:16.412514,e9f9d559a0dd8b10789d4241
ad.fi.doubleclick.net,AVAILABILITY,domains.list,domains.list,2023-02-01 17:58:17.050588,e9f9d559a0dd8b10789d4241
ad.filmweb.pl,AVAILABILITY,domains.list,domains.list,2023-02-01 17:58:19.152761,e9f9d559a0dd8b10789d4241
ad.firstadsolution.com,AVAILABILITY,domains.list,domains.list,2023-02-01 17:58:20.166723,e9f9d559a0dd8b10789d4241
ad.floq.jp,AVAILABILITY,domains.list,domains.list,2023-02-01 17:58:28.997054,e9f9d559a0dd8b10789d4241
ad.flux.com,AVAILABILITY,domains.list,domains.list,2023-02-01 17:58:30.853245,e9f9d559a0dd8b10789d4241
ad.fout.jp,AVAILABILITY,domains.list,domains.list,2023-02-01 17:58:32.173395,e9f9d559a0dd8b10789d4241
ad.fr.doubleclick.net,AVAILABILITY,domains.list,domains.list,2023-02-01 17:58:32.855128,e9f9d559a0dd8b10789d4241
ad.funpic.de,AVAILABILITY,domains.list,domains.list,2023-02-01 17:58:34.552720,e9f9d559a0dd8b10789d4241
ad.g-content.bid,AVAILABILITY,domains.list,domains.list,2023-02-01 17:58:34.859463,e9f9d559a0dd8b10789d4241
ad.garantiarkadas.com,AVAILABILITY,domains.list,domains.list,2023-02-01 17:58:36.048082,e9f9d559a0dd8b10789d4241
ad.gazeta.pl,AVAILABILITY,domains.list,domains.list,2023-02-01 17:58:37.854257,e9f9d559a0dd8b10789d4241
ad.ghfusion.com,AVAILABILITY,domains.list,domains.list,2023-02-01 17:58:54.383531,e9f9d559a0dd8b10789d4241
ad.goo.ne.jp,AVAILABILITY,domains.list,domains.list,2023-02-01 17:59:15.524978,e9f9d559a0dd8b10789d4241
ad.gr.doubleclick.net,AVAILABILITY,domains.list,domains.list,2023-02-01 17:59:16.160282,e9f9d559a0dd8b10789d4241
ad.groupon.be,AVAILABILITY,domains.list,domains.list,2023-02-01 17:59:18.035091,e9f9d559a0dd8b10789d4241
ad.groupon.co.uk,AVAILABILITY,domains.list,domains.list,2023-02-01 17:59:19.504041,e9f9d559a0dd8b10789d4241
ad.groupon.com,AVAILABILITY,domains.list,domains.list,2023-02-01 17:59:20.309999,e9f9d559a0dd8b10789d4241
ad.groupon.de,AVAILABILITY,domains.list,domains.list,2023-02-01 17:59:21.922728,e9f9d559a0dd8b10789d4241
ad.groupon.fr,AVAILABILITY,domains.list,domains.list,2023-02-01 17:59:22.948351,e9f9d559a0dd8b10789d4241
ad.groupon.net,AVAILABILITY,domains.list,domains.list,2023-02-01 17:59:24.844878,e9f9d559a0dd8b10789d4241
ad.groupon.nl,AVAILABILITY,domains.list,domains.list,2023-02-01 17:59:25.943091,e9f9d559a0dd8b10789d4241
ad.groupon.pl,AVAILABILITY,domains.list,domains.list,2023-02-01 17:59:26.941904,e9f9d559a0dd8b10789d4241
ad.hankooki.com,AVAILABILITY,domains.list,domains.list,2023-02-01 17:59:28.776409,e9f9d559a0dd8b10789d4241
ad.horvitznewspapers.net,AVAILABILITY,domains.list,domains.list,2023-02-01 17:59:29.951265,e9f9d559a0dd8b10789d4241
ad.icasthq.com,AVAILABILITY,domains.list,domains.list,2023-02-01 17:59:30.502161,e9f9d559a0dd8b10789d4241
ad.iconadserver.com,AVAILABILITY,domains.list,domains.list,2023-02-01 17:59:40.804745,e9f9d559a0dd8b10789d4241
ad.iloveinterracial.com,AVAILABILITY,domains.list,domains.list,2023-02-01 17:59:41.620927,e9f9d559a0dd8b10789d4241
ad.insightexpressai.com,AVAILABILITY,domains.list,domains.list,2023-02-01 17:59:45.072397,e9f9d559a0dd8b10789d4241
ad.ir.ru,AVAILABILITY,domains.list,domains.list,2023-02-01 17:59:49.031726,e9f9d559a0dd8b10789d4241
ad.it.doubleclick.net,AVAILABILITY,domains.list,domains.list,2023-02-01 17:59:49.719303,e9f9d559a0dd8b10789d4241
ad.jamba.net,AVAILABILITY,domains.list,domains.list,2023-02-01 18:00:01.235503,e9f9d559a0dd8b10789d4241
ad.jamster.ca,AVAILABILITY,domains.list,domains.list,2023-02-01 18:00:02.157338,e9f9d559a0dd8b10789d4241
ad.jokeroo.com,AVAILABILITY,domains.list,domains.list,2023-02-01 18:00:02.913201,e9f9d559a0dd8b10789d4241
ad.jp.doubleclick.net,AVAILABILITY,domains.list,domains.list,2023-02-01 18:00:03.622392,e9f9d559a0dd8b10789d4241
ad.kataweb.it,AVAILABILITY,domains.list,domains.list,2023-02-01 18:00:05.917853,e9f9d559a0dd8b10789d4241
ad.kau.li,AVAILABILITY,domains.list,domains.list,2023-02-01 18:00:07.389955,e9f9d559a0dd8b10789d4241
ad.krutilka.ru,AVAILABILITY,domains.list,domains.list,2023-02-01 18:00:16.200153,e9f9d559a0dd8b10789d4241
ad.land.to,AVAILABILITY,domains.list,domains.list,2023-02-01 18:00:37.215184,e9f9d559a0dd8b10789d4241
ad.leadbolt.net,AVAILABILITY,domains.list,domains.list,2023-02-01 18:00:37.612186,e9f9d559a0dd8b10789d4241
ad.lgappstv.com,AVAILABILITY,domains.list,domains.list,2023-02-01 18:00:38.330550,e9f9d559a0dd8b10789d4241
ad.linkexchange.com,AVAILABILITY,domains.list,domains.list,2023-02-01 18:00:58.805079,e9f9d559a0dd8b10789d4241
ad.linkstorms.com,AVAILABILITY,domains.list,domains.list,2023-02-01 18:00:59.346293,e9f9d559a0dd8b10789d4241
ad.linksynergy.com,AVAILABILITY,domains.list,domains.list,2023-02-01 18:01:00.922531,e9f9d559a0dd8b10789d4241
ad.livere.co.kr,AVAILABILITY,domains.list,domains.list,2023-02-01 18:01:02.779808,e9f9d559a0dd8b10789d4241
ad.lyricswire.com,AVAILABILITY,domains.list,domains.list,2023-02-01 18:01:03.447421,e9f9d559a0dd8b10789d4241
ad.mail.ru,AVAILABILITY,domains.list,domains.list,2023-02-01 18:01:07.595889,e9f9d559a0dd8b10789d4241
ad.mangareader.net,AVAILABILITY,domains.list,domains.list,2023-02-01 18:01:28.410138,e9f9d559a0dd8b10789d4241
ad.mastermedia.ru,AVAILABILITY,domains.list,domains.list,2023-02-01 18:01:30.973824,e9f9d559a0dd8b10789d4241
ad.media-servers.net,AVAILABILITY,domains.list,domains.list,2023-02-01 18:01:31.267426,e9f9d559a0dd8b10789d4241
ad.mo.doubleclick.net,AVAILABILITY,domains.list,domains.list,2023-02-01 18:01:31.739265,e9f9d559a0dd8b10789d4241
ad.moscowtimes.ru,AVAILABILITY,domains.list,domains.list,2023-02-01 18:01:34.283933,e9f9d559a0dd8b10789d4241
ad.my.doubleclick.net,AVAILABILITY,domains.list,domains.list,2023-02-01 18:01:35.091896,e9f9d559a0dd8b10789d4241
ad.n2434.doubleclick.net,AVAILABILITY,domains.list,domains.list,2023-02-01 18:01:35.691526,e9f9d559a0dd8b10789d4241
ad.ne.com,AVAILABILITY,domains.list,domains.list,2023-02-01 18:01:37.562692,e9f9d559a0dd8b10789d4241
ad.net,AVAILABILITY,domains.list,domains.list,2023-02-01 18:01:39.047387,e9f9d559a0dd8b10789d4241
ad.network60.com,AVAILABILITY,domains.list,domains.list,2023-02-01 18:01:59.694603,e9f9d559a0dd8b10789d4241
ad.nicovideo.jp,AVAILABILITY,domains.list,domains.list,2023-02-01 18:02:01.796664,e9f9d559a0dd8b10789d4241
ad.nl.doubleclick.net,AVAILABILITY,domains.list,domains.list,2023-02-01 18:02:02.394281,e9f9d559a0dd8b10789d4241
ad.no.doubleclick.net,AVAILABILITY,domains.list,domains.list,2023-02-01 18:02:03.088192,e9f9d559a0dd8b10789d4241
ad.nozonedata.com,AVAILABILITY,domains.list,domains.list,2023-02-01 18:02:04.468022,e9f9d559a0dd8b10789d4241
ad.ntvmsnbc.com,AVAILABILITY,domains.list,domains.list,2023-02-01 18:02:05.043689,e9f9d559a0dd8b10789d4241
ad.nz.doubleclick.net,AVAILABILITY,domains.list,domains.list,2023-02-01 18:02:05.565109,e9f9d559a0dd8b10789d4241
ad.ohmynews.com,AVAILABILITY,domains.list,domains.list,2023-02-01 18:02:21.534558,e9f9d559a0dd8b10789d4241
ad.ourgame.com,AVAILABILITY,domains.list,domains.list,2023-02-01 18:02:26.279573,e9f9d559a0dd8b10789d4241
ad.pandora.tv,AVAILABILITY,domains.list,domains.list,2023-02-01 18:02:27.430501,e9f9d559a0dd8b10789d4241
ad.parom.hu,AVAILABILITY,domains.list,domains.list,2023-02-01 18:02:29.075133,e9f9d559a0dd8b10789d4241
ad.partis.si,AVAILABILITY,domains.list,domains.list,2023-02-01 18:02:30.185518,e9f9d559a0dd8b10789d4241
ad.pickple.net,AVAILABILITY,domains.list,domains.list,2023-02-01 18:02:50.904265,e9f9d559a0dd8b10789d4241
ad.pl.doubleclick.net,AVAILABILITY,domains.list,domains.list,2023-02-01 18:02:51.386369,e9f9d559a0dd8b10789d4241
ad.pravda.ru,AVAILABILITY,domains.list,domains.list,2023-02-01 18:03:12.518839,e9f9d559a0dd8b10789d4241
ad.premiumonlinemedia.com,AVAILABILITY,domains.list,domains.list,2023-02-01 18:03:13.070735,e9f9d559a0dd8b10789d4241
ad.propellerads.com,AVAILABILITY,domains.list,domains.list,2023-02-01 18:03:13.699302,e9f9d559a0dd8b10789d4241
ad.prv.pl,AVAILABILITY,domains.list,domains.list,2023-02-01 18:03:15.120812,e9f9d559a0dd8b10789d4241
ad.qq.com,AVAILABILITY,domains.list,domains.list,2023-02-01 18:03:22.308193,e9f9d559a0dd8b10789d4241
ad.qyer.com,AVAILABILITY,domains.list,domains.list,2023-02-01 18:03:25.101177,e9f9d559a0dd8b10789d4241
ad.realist.gen.tr,AVAILABILITY,domains.list,domains.list,2023-02-01 18:03:47.233370,e9f9d559a0dd8b10789d4241
ad.realmcdn.net,AVAILABILITY,domains.list,domains.list,2023-02-01 18:03:47.996774,e9f9d559a0dd8b10789d4241
ad.reklamport.com,AVAILABILITY,domains.list,domains.list,2023-02-01 18:04:11.772896,e9f9d559a0dd8b10789d4241
ad.repubblica.it,AVAILABILITY,domains.list,domains.list,2023-02-01 18:04:13.027591,e9f9d559a0dd8b10789d4241
ad.ru.doubleclick.net,AVAILABILITY,domains.list,domains.list,2023-02-01 18:04:13.630204,e9f9d559a0dd8b10789d4241
ad.se.doubleclick.net,AVAILABILITY,domains.list,domains.list,2023-02-01 18:04:14.174812,e9f9d559a0dd8b10789d4241
ad.search.ch,AVAILABILITY,domains.list,domains.list,2023-02-01 18:04:14.970839,e9f9d559a0dd8b10789d4241
ad.sensismediasmart.com,AVAILABILITY,domains.list,domains.list,2023-02-01 18:04:15.624177,e9f9d559a0dd8b10789d4241
ad.sensismediasmart.com.au,AVAILABILITY,domains.list,domains.list,2023-02-01 18:04:16.065274,e9f9d559a0dd8b10789d4241
ad.sg.doubleclick.net,AVAILABILITY,domains.list,domains.list,2023-02-01 18:04:16.752542,e9f9d559a0dd8b10789d4241
ad.slashgear.com,AVAILABILITY,domains.list,domains.list,2023-02-01 18:04:17.354515,e9f9d559a0dd8b10789d4241
ad.smartclip.net,AVAILABILITY,domains.list,domains.list,2023-02-01 18:04:17.738804,e9f9d559a0dd8b10789d4241
ad.sxp.smartclip.net,AVAILABILITY,domains.list,domains.list,2023-02-01 18:04:18.313218,e9f9d559a0dd8b10789d4241
ad.thetyee.ca,AVAILABILITY,domains.list,domains.list,2023-02-01 18:04:19.616933,e9f9d559a0dd8b10789d4241
ad.thewheelof.com,AVAILABILITY,domains.list,domains.list,2023-02-01 18:04:21.435314,e9f9d559a0dd8b10789d4241
ad.thisav.com,AVAILABILITY,domains.list,domains.list,2023-02-01 18:04:22.049209,e9f9d559a0dd8b10789d4241
ad.trafficmp.com,AVAILABILITY,domains.list,domains.list,2023-02-01 18:04:24.301630,e9f9d559a0dd8b10789d4241
ad.turn.com,AVAILABILITY,domains.list,domains.list,2023-02-01 18:04:25.435262,e9f9d559a0dd8b10789d4241
ad.tv2.no,AVAILABILITY,domains.list,domains.list,2023-02-01 18:04:26.517731,e9f9d559a0dd8b10789d4241
ad.uk.doubleclick.net,AVAILABILITY,domains.list,domains.list,2023-02-01 18:04:27.041098,e9f9d559a0dd8b10789d4241
ad.usatoday.com,AVAILABILITY,domains.list,domains.list,2023-02-01 18:04:27.493700,e9f9d559a0dd8b10789d4241
ad.userporn.com,AVAILABILITY,domains.list,domains.list,2023-02-01 18:05:25.010589,e9f9d559a0dd8b10789d4241
ad.valuecalling.com,AVAILABILITY,domains.list,domains.list,2023-02-01 18:05:48.601625,e9f9d559a0dd8b10789d4241
ad.ve.doubleclick.net,AVAILABILITY,domains.list,domains.list,2023-02-01 18:05:49.222449,e9f9d559a0dd8b10789d4241
ad.weplayer.cc,AVAILABILITY,domains.list,domains.list,2023-02-01 18:05:50.587141,e9f9d559a0dd8b10789d4241
ad.where.com,AVAILABILITY,domains.list,domains.list,2023-02-01 18:05:51.787358,e9f9d559a0dd8b10789d4241
ad.wsod.com,AVAILABILITY,domains.list,domains.list,2023-02-01 18:05:52.134484,e9f9d559a0dd8b10789d4241
ad.yadro.ru,AVAILABILITY,domains.list,domains.list,2023-02-01 18:06:13.058818,e9f9d559a0dd8b10789d4241
ad.yemeksepeti.com,AVAILABILITY,domains.list,domains.list,2023-02-01 18:06:14.356446,e9f9d559a0dd8b10789d4241
ad.yieldmanager.com,AVAILABILITY,domains.list,domains.list,2023-02-01 18:06:15.107584,e9f9d559a0dd8b10789d4241
ad.za.doubleclick.net,AVAILABILITY,domains.list,domains.list,2023-02-01 18:06:15.621528,e9f9d559a0dd8b10789d4241
ad.zaman.com,AVAILABILITY,domains.list,domains.list,2023-02-01 18:06:16.749100,e9f9d559a0dd8b10789d4241
ad.zanox.com,AVAILABILITY,domains.list,domains.list,2023-02-01 18:06:37.135565,e9f9d559a0dd8b10789d4241
ad.zodera.hu,AVAILABILITY,domains.list,domains.list,2023-02-01 18:09:01.190981,e9f9d559a0dd8b10789d4241
ad0.haynet.com,AVAILABILITY,domains.list,domains.list,2023-02-01 18:09:21.570790,e9f9d559a0dd8b10789d4241
ad01.focalink.com,AVAILABILITY,domains.list,domains.list,2023-02-01 18:09:22.298535,e9f9d559a0dd8b10789d4241
ad01.mediacorpsingapore.com,AVAILABILITY,domains.list,domains.list,2023-02-01 18:09:42.657197,e9f9d559a0dd8b10789d4241
ad02.focalink.com,AVAILABILITY,domains.list,domains.list,2023-02-01 18:09:43.305028,e9f9d559a0dd8b10789d4241
ad03.focalink.com,AVAILABILITY,domains.list,domains.list,2023-02-01 18:09:44.120386,e9f9d559a0dd8b10789d4241
ad04.focalink.com,AVAILABILITY,domains.list,domains.list,2023-02-01 18:09:44.891151,e9f9d559a0dd8b10789d4241
ad05.focalink.com,AVAILABILITY,domains.list,domains.list,2023-02-01 18:09:45.678718,e9f9d559a0dd8b10789d4241
ad06.focalink.com,AVAILABILITY,domains.list,domains.list,2023-02-01 18:09:46.490101,e9f9d559a0dd8b10789d4241
ad07.focalink.com,AVAILABILITY,domains.list,domains.list,2023-02-01 18:09:47.111254,e9f9d559a0dd8b10789d4241
ad08.focalink.com,AVAILABILITY,domains.list,domains.list,2023-02-01 18:09:47.855971,e9f9d559a0dd8b10789d4241
ad09.focalink.com,AVAILABILITY,domains.list,domains.list,2023-02-01 18:09:48.519566,e9f9d559a0dd8b10789d4241
ad1.bannerbank.ru,AVAILABILITY,domains.list,domains.list,2023-02-01 18:10:09.675670,e9f9d559a0dd8b10789d4241
ad1.checkm8.com,AVAILABILITY,domains.list,domains.list,2023-02-01 18:10:30.157322,e9f9d559a0dd8b10789d4241
ad1.emediate.dk,AVAILABILITY,domains.list,domains.list,2023-02-01 18:10:52.967868,e9f9d559a0dd8b10789d4241
ad1.gamezone.com,AVAILABILITY,domains.list,domains.list,2023-02-01 18:10:53.635517,e9f9d559a0dd8b10789d4241
ad1.hotel.com,AVAILABILITY,domains.list,domains.list,2023-02-01 18:10:54.289776,e9f9d559a0dd8b10789d4241
ad1.lbn.ru,AVAILABILITY,domains.list,domains.list,2023-02-01 18:10:56.992608,e9f9d559a0dd8b10789d4241
ad1.popcap.com,AVAILABILITY,domains.list,domains.list,2023-02-01 18:11:17.500328,e9f9d559a0dd8b10789d4241
ad10.bannerbank.ru,AVAILABILITY,domains.list,domains.list,2023-02-01 18:11:40.645026,e9f9d559a0dd8b10789d4241
ad10.checkm8.com,AVAILABILITY,domains.list,domains.list,2023-02-01 18:12:01.098770,e9f9d559a0dd8b10789d4241
ad10.focalink.com,AVAILABILITY,domains.list,domains.list,2023-02-01 18:12:01.865297,e9f9d559a0dd8b10789d4241
ad101com.adbureau.net,AVAILABILITY,domains.list,domains.list,2023-02-01 18:12:53.382856,e9f9d559a0dd8b10789d4241
ad10digital.checkm8.com,AVAILABILITY,domains.list,domains.list,2023-02-01 18:13:14.056109,e9f9d559a0dd8b10789d4241
ad11.bannerbank.ru,AVAILABILITY,domains.list,domains.list,2023-02-01 18:13:35.263182,e9f9d559a0dd8b10789d4241
ad11.checkm8.com,AVAILABILITY,domains.list,domains.list,2023-02-01 18:13:55.863036,e9f9d559a0dd8b10789d4241
ad11.focalink.com,AVAILABILITY,domains.list,domains.list,2023-02-01 18:13:56.666755,e9f9d559a0dd8b10789d4241
ad11digital.checkm8.com,AVAILABILITY,domains.list,domains.list,2023-02-01 18:14:17.087110,e9f9d559a0dd8b10789d4241
ad12.bannerbank.ru,AVAILABILITY,domains.list,domains.list,2023-02-01 18:14:38.738969,e9f9d559a0dd8b10789d4241
ad12.checkm8.com,AVAILABILITY,domains.list,domains.list,2023-02-01 18:14:59.198473,e9f9d559a0dd8b10789d4241
ad12.focalink.com,AVAILABILITY,domains.list,domains.list,2023-02-01 18:14:59.982815,e9f9d559a0dd8b10789d4241
ad12digital.checkm8.com,AVAILABILITY,domains.list,domains.list,2023-02-01 18:15:20.501159,e9f9d559a0dd8b10789d4241
ad13.checkm8.com,AVAILABILITY,domains.list,domains.list,2023-02-01 18:15:41.001697,e9f9d559a0dd8b10789d4241
ad13.focalink.com,AVAILABILITY,domains.list,domains.list,2023-02-01 18:15:41.853478,e9f9d559a0dd8b10789d4241
ad131m.adk2.co,AVAILABILITY,domains.list,domains.list,2023-02-01 18:15:44.188155,e9f9d559a0dd8b10789d4241
ad13digital.checkm8.com,AVAILABILITY,domains.list,domains.list,2023-02-01 18:16:04.640434,e9f9d559a0dd8b10789d4241
ad14.checkm8.com,AVAILABILITY,domains.list,domains.list,2023-02-01 18:16:25.161193,e9f9d559a0dd8b10789d4241
ad14.focalink.com,AVAILABILITY,domains.list,domains.list,2023-02-01 18:16:25.897535,e9f9d559a0dd8b10789d4241
ad14digital.checkm8.com,AVAILABILITY,domains.list,domains.list,2023-02-01 18:16:46.324143,e9f9d559a0dd8b10789d4241
ad15.checkm8.com,AVAILABILITY,domains.list,domains.list,2023-02-01 18:17:06.827563,e9f9d559a0dd8b10789d4241
ad15.focalink.com,AVAILABILITY,domains.list,domains.list,2023-02-01 18:17:07.589302,e9f9d559a0dd8b10789d4241
ad15digital.checkm8.com,AVAILABILITY,domains.list,domains.list,2023-02-01 18:17:28.023708,e9f9d559a0dd8b10789d4241
ad16.checkm8.com,AVAILABILITY,domains.list,domains.list,2023-02-01 18:17:48.459327,e9f9d559a0dd8b10789d4241
ad16.focalink.com,AVAILABILITY,domains.list,domains.list,2023-02-01 18:17:49.144098,e9f9d559a0dd8b10789d4241
ad16digital.checkm8.com,AVAILABILITY,domains.list,domains.list,2023-02-01 18:18:09.586978,e9f9d559a0dd8b10789d4241
ad17.checkm8.com,AVAILABILITY,domains.list,domains.list,2023-02-01 18:18:30.009169,e9f9d559a0dd8b10789d4241
ad17.focalink.com,AVAILABILITY,domains.list,domains.list,2023-02-01 18:18:30.764142,e9f9d559a0dd8b10789d4241
ad17digital.checkm8.com,AVAILABILITY,domains.list,domains.list,2023-02-01 18:18:51.302157,e9f9d559a0dd8b10789d4241
ad18.checkm8.com,AVAILABILITY,domains.list,domains.list,2023-02-01 18:19:11.824864,e9f9d559a0dd8b10789d4241
ad18.focalink.com,AVAILABILITY,domains.list,domains.list,2023-02-01 18:19:12.601093,e9f9d559a0dd8b10789d4241
ad18digital.checkm8.com,AVAILABILITY,domains.list,domains.list,2023-02-01 18:19:33.077484,e9f9d559a0dd8b10789d4241
ad19.checkm8.com,AVAILABILITY,domains.list,domains.list,2023-02-01 18:19:53.551996,e9f9d559a0dd8b10789d4241
ad19.focalink.com,AVAILABILITY,domains.list,domains.list,2023-02-01 18:19:54.240883,e9f9d559a0dd8b10789d4241
ad19digital.checkm8.com,AVAILABILITY,domains.list,domains.list,2023-02-01 18:20:14.692007,e9f9d559a0dd8b10789d4241
ad1digital.checkm8.com,AVAILABILITY,domains.list,domains.list,2023-02-01 18:20:35.209065,e9f9d559a0dd8b10789d4241
ad2.adecn.com,AVAILABILITY,domains.list,domains.list,2023-02-01 18:20:35.878783,e9f9d559a0dd8b10789d4241
ad2.bannerbank.ru,AVAILABILITY,domains.list,domains.list,2023-02-01 18:20:57.409539,e9f9d559a0dd8b10789d4241
ad2.bannerhost.ru,AVAILABILITY,domains.list,domains.list,2023-02-01 18:21:05.515132,e9f9d559a0dd8b10789d4241
ad2.checkm8.com,AVAILABILITY,domains.list,domains.list,2023-02-01 18:21:25.973137,e9f9d559a0dd8b10789d4241
ad2.cooks.com,AVAILABILITY,domains.list,domains.list,2023-02-01 18:21:49.931269,e9f9d559a0dd8b10789d4241
ad2.doubleclick.net,AVAILABILITY,domains.list,domains.list,2023-02-01 18:21:50.587361,e9f9d559a0dd8b10789d4241
ad2.firehousezone.com,AVAILABILITY,domains.list,domains.list,2023-02-01 18:22:11.115282,e9f9d559a0dd8b10789d4241
ad2.gammae.com,AVAILABILITY,domains.list,domains.list,2023-02-01 18:22:31.785270,e9f9d559a0dd8b10789d4241
ad2.hotel.com,AVAILABILITY,domains.list,domains.list,2023-02-01 18:22:32.313249,e9f9d559a0dd8b10789d4241
ad2.lbn.ru,AVAILABILITY,domains.list,domains.list,2023-02-01 18:22:34.419726,e9f9d559a0dd8b10789d4241
ad2.nationalreview.com,AVAILABILITY,domains.list,domains.list,2023-02-01 18:22:35.058968,e9f9d559a0dd8b10789d4241
ad2.pl,AVAILABILITY,domains.list,domains.list,2023-02-01 18:22:37.102449,e9f9d559a0dd8b10789d4241
ad2.zophar.net,AVAILABILITY,domains.list,domains.list,2023-02-01 18:22:37.906637,e9f9d559a0dd8b10789d4241
ad20.checkm8.com,AVAILABILITY,domains.list,domains.list,2023-02-01 18:22:58.416209,e9f9d559a0dd8b10789d4241
