idna_subject,checker_type,destination,tested_at
05tz2e9.com,AVAILABILITY,domains.list,2023-02-01 17:35:36.400242
0qizz.super-promo.hoxo.info,AVAILABILITY,domains.list,2023-02-01 17:36:05.239488
1.allyes.com.cn,AVAILABILITY,domains.list,2023-02-01 17:37:06.123352
15.basebanner.com,AVAILABILITY,domains.list,2023-02-01 17:37:46.321200
2.marketbanker.com,AVAILABILITY,domains.list,2023-02-01 17:38:56.114110
2006mindfreaklike.blogspot.com,AVAILABILITY,domains.list,2023-02-01 17:39:02.663979
207-87-18-203.wsmg.digex.net,AVAILABILITY,domains.list,2023-02-01 17:40:03.921012
247support.adtech.us,AVAILABILITY,domains.list,2023-02-01 17:40:16.639996
2perc.info,AVAILABILITY,domains.list,2023-02-01 17:41:20.237569
33b.b33r.net,AVAILABILITY,domains.list,2023-02-01 17:41:26.278020
365redirect.co,AVAILABILITY,domains.list,2023-02-01 17:41:29.760926
a-redirect.com,AVAILABILITY,domains.list,2023-02-01 17:42:10.587335
a-resolver.com,AVAILABILITY,domains.list,2023-02-01 17:42:11.121209
a.cctv.com,AVAILABILITY,domains.list,2023-02-01 17:44:17.066514
a.kerg.net,AVAILABILITY,domains.list,2023-02-01 17:44:43.288195
a.phormlabs.com,AVAILABILITY,domains.list,2023-02-01 17:44:47.771656
a.ss34.on9mail.com,AVAILABILITY,domains.list,2023-02-01 17:45:32.245155
a.total-media.net,AVAILABILITY,domains.list,2023-02-01 17:46:09.330222
a2.mediagra.com,AVAILABILITY,domains.list,2023-02-01 17:47:02.132827
aads.treehugger.com,AVAILABILITY,domains.list,2023-02-01 17:47:10.279119
abourselfi.com,AVAILABILITY,domains.list,2023-02-01 17:47:22.958028
ac-strasboourg.fr,AVAILABILITY,domains.list,2023-02-01 17:47:56.454120
accomodation-tastes.net,AVAILABILITY,domains.list,2023-02-01 17:48:50.022167
accountnotify.com,AVAILABILITY,domains.list,2023-02-01 17:49:12.190450
accountprotection.xyz,AVAILABILITY,domains.list,2023-02-01 17:49:12.992362
accounts.secure-ua.website,AVAILABILITY,domains.list,2023-02-01 17:49:20.974438
acs.agent.v-56.com,AVAILABILITY,domains.list,2023-02-01 17:51:55.632925
active-folders.com,AVAILABILITY,domains.list,2023-02-01 17:52:04.800800
ad-411.com,AVAILABILITY,domains.list,2023-02-01 17:52:14.538191
ad-gbn.com,AVAILABILITY,domains.list,2023-02-01 17:53:10.988152
ad-switcher.com,AVAILABILITY,domains.list,2023-02-01 17:53:16.447627
ad.allyes.cn,AVAILABILITY,domains.list,2023-02-01 17:56:43.048442
ad.bnmla.com,AVAILABILITY,domains.list,2023-02-01 17:57:12.925816
ad.directmirror.com,AVAILABILITY,domains.list,2023-02-01 17:58:00.436020
ad.directrev.com,AVAILABILITY,domains.list,2023-02-01 17:58:00.842538
ad.doganburda.com,AVAILABILITY,domains.list,2023-02-01 17:58:03.587209
ad.e-kolay.net,AVAILABILITY,domains.list,2023-02-01 17:58:06.600901
ad.eurosport.com,AVAILABILITY,domains.list,2023-02-01 17:58:16.412514
ad.floq.jp,AVAILABILITY,domains.list,2023-02-01 17:58:28.997054
ad.flux.com,AVAILABILITY,domains.list,2023-02-01 17:58:30.853245
ad.g-content.bid,AVAILABILITY,domains.list,2023-02-01 17:58:34.859463
ad.ghfusion.com,AVAILABILITY,domains.list,2023-02-01 17:58:54.383531
ad.groupon.net,AVAILABILITY,domains.list,2023-02-01 17:59:24.844878
ad.icasthq.com,AVAILABILITY,domains.list,2023-02-01 17:59:30.502161
ad.iconadserver.com,AVAILABILITY,domains.list,2023-02-01 17:59:40.804745
ad.jamba.net,AVAILABILITY,domains.list,2023-02-01 18:00:01.235503
ad.jokeroo.com,AVAILABILITY,domains.list,2023-02-01 18:00:02.913201
ad.kau.li,AVAILABILITY,domains.list,2023-02-01 18:00:07.389955
ad.leadbolt.net,AVAILABILITY,domains.list,2023-02-01 18:00:37.612186
ad.linkstorms.com,AVAILABILITY,domains.list,2023-02-01 18:00:59.346293
ad.moscowtimes.ru,AVAILABILITY,domains.list,2023-02-01 18:01:34.283933
ad.nicovideo.jp,AVAILABILITY,domains.list,2023-02-01 18:02:01.796664
ad.premiumonlinemedia.com,AVAILABILITY,domains.list,2023-02-01 18:03:13.070735
ad.sensismediasmart.com,AVAILABILITY,domains.list,2023-02-01 18:04:15.624177
ad.sensismediasmart.com.au,AVAILABILITY,domains.list,2023-02-01 18:04:16.065274
ad.smartclip.net,AVAILABILITY,domains.list,2023-02-01 18:04:17.738804
ad.thisav.com,AVAILABILITY,domains.list,2023-02-01 18:04:22.049209
ad.userporn.com,AVAILABILITY,domains.list,2023-02-01 18:05:25.010589
ad.zaman.com,AVAILABILITY,domains.list,2023-02-01 18:06:16.749100
ad1.gamezone.com,AVAILABILITY,domains.list,2023-02-01 18:10:53.635517
ad1.hotel.com,AVAILABILITY,domains.list,2023-02-01 18:10:54.289776
ad101com.adbureau.net,AVAILABILITY,domains.list,2023-02-01 18:12:53.382856
ad2.adecn.com,AVAILABILITY,domains.list,2023-02-01 18:20:35.878783
ad2.hotel.com,AVAILABILITY,domains.list,2023-02-01 18:22:32.313249
ad2.nationalreview.com,AVAILABILITY,domains.list,2023-02-01 18:22:35.058968
ad3.nationalreview.com,AVAILABILITY,domains.list,2023-02-01 18:32:35.607899
ad41.atlas.cz,AVAILABILITY,domains.list,2023-02-01 18:43:32.540349
adc2.adcentriconline.com,AVAILABILITY,domains.list,2023-02-01 18:58:48.240853
adcontroller.unicast.com,AVAILABILITY,domains.list,2023-02-01 18:59:43.718932
adderall.ourtablets.com,AVAILABILITY,domains.list,2023-02-01 19:00:03.838475
adelogs.adobe.com,AVAILABILITY,domains.list,2023-02-01 19:01:42.032187
adforce.adtech.us,AVAILABILITY,domains.list,2023-02-01 19:02:29.589731
adimage.asia1.com.sg,AVAILABILITY,domains.list,2023-02-01 19:03:44.570628
adimg.activeadv.net,AVAILABILITY,domains.list,2023-02-01 19:04:19.814872
adipex.ourtablets.com,AVAILABILITY,domains.list,2023-02-01 19:05:06.321239
adipex.t-amo.net,AVAILABILITY,domains.list,2023-02-01 19:05:11.281200
adm.265g.com,AVAILABILITY,domains.list,2023-02-01 19:06:09.439473
adman.freeze.com,AVAILABILITY,domains.list,2023-02-01 19:06:40.516537
admatch-syndication.mochila.com,AVAILABILITY,domains.list,2023-02-01 19:07:15.947738
admerize.be,AVAILABILITY,domains.list,2023-02-01 19:07:46.362921
admonkey.dapper.net,AVAILABILITY,domains.list,2023-02-01 19:08:35.825961
adonline.e-kolay.net,AVAILABILITY,domains.list,2023-02-01 19:09:55.170436
adopt.euroclick.com,AVAILABILITY,domains.list,2023-02-01 19:10:08.513431
adq.nextag.com,AVAILABILITY,domains.list,2023-02-01 19:11:25.765547
ads-de.spray.net,AVAILABILITY,domains.list,2023-02-01 19:11:51.711204
ads-rolandgarros.com,AVAILABILITY,domains.list,2023-02-01 19:11:53.382603
ads-t.ru,AVAILABILITY,domains.list,2023-02-01 19:11:56.109708
ads.ad-center.com,AVAILABILITY,domains.list,2023-02-01 19:14:52.178472
ads.addesktop.com,AVAILABILITY,domains.list,2023-02-01 19:15:19.565259
ads.adgoto.com,AVAILABILITY,domains.list,2023-02-01 19:15:49.677069
ads.admaximize.com,AVAILABILITY,domains.list,2023-02-01 19:16:14.569670
ads.adsag.com,AVAILABILITY,domains.list,2023-02-01 19:16:35.028890
ads.allsites.com,AVAILABILITY,domains.list,2023-02-01 19:17:59.148968
ads.aws.viber.com,AVAILABILITY,domains.list,2023-02-01 19:19:28.621161
ads.beeb.com,AVAILABILITY,domains.list,2023-02-01 19:20:38.551861
ads.bfast.com,AVAILABILITY,domains.list,2023-02-01 19:20:43.029515
ads.biggerboat.com,AVAILABILITY,domains.list,2023-02-01 19:21:08.193587
ads.bloomberg.com,AVAILABILITY,domains.list,2023-02-01 19:21:33.767902
ads.businessweek.com,AVAILABILITY,domains.list,2023-02-01 19:22:29.530802
ads.cardea.se,AVAILABILITY,domains.list,2023-02-01 19:22:37.276772
ads.cdn.viber.com,AVAILABILITY,domains.list,2023-02-01 19:23:08.384195
ads.cdnow.com,AVAILABILITY,domains.list,2023-02-01 19:23:56.988023
ads.chipcenter.com,AVAILABILITY,domains.list,2023-02-01 19:24:20.255122
ads.clickability.com,AVAILABILITY,domains.list,2023-02-01 19:25:11.853746
ads.clickad.com.pl,AVAILABILITY,domains.list,2023-02-01 19:25:13.510820
ads.cluster01.oasis.zmh.zope.net,AVAILABILITY,domains.list,2023-02-01 19:25:32.163629
ads.contentabc.com,AVAILABILITY,domains.list,2023-02-01 19:26:16.204690
ads.coopson.com,AVAILABILITY,domains.list,2023-02-01 19:26:23.540972
ads.currantbun.com,AVAILABILITY,domains.list,2023-02-01 19:27:39.735212
ads.ddj.com,AVAILABILITY,domains.list,2023-02-01 19:28:12.673527
ads.designboom.com,AVAILABILITY,domains.list,2023-02-01 19:28:18.342445
ads.ecircles.com,AVAILABILITY,domains.list,2023-02-01 19:32:57.413948
ads.enliven.com,AVAILABILITY,domains.list,2023-02-01 19:33:23.270382
ads.fayettevillenc.com,AVAILABILITY,domains.list,2023-02-01 19:34:41.219926
ads.first-response.be,AVAILABILITY,domains.list,2023-02-01 19:34:49.587154
ads.foxnews.com,AVAILABILITY,domains.list,2023-02-01 19:36:18.676599
ads.glispa.com,AVAILABILITY,domains.list,2023-02-01 19:36:34.765847
ads.globo.com,AVAILABILITY,domains.list,2023-02-01 19:36:43.486236
ads.harpers.org,AVAILABILITY,domains.list,2023-02-01 19:38:13.494609
ads.he.valueclick.net,AVAILABILITY,domains.list,2023-02-01 19:38:35.606933
ads.indiatimes.com,AVAILABILITY,domains.list,2023-02-01 19:39:23.756001
ads.indya.com,AVAILABILITY,domains.list,2023-02-01 19:39:35.930804
ads.jokaroo.com,AVAILABILITY,domains.list,2023-02-01 19:41:54.439161
ads.jpost.com,AVAILABILITY,domains.list,2023-02-01 19:41:55.862651
ads.linktracking.net,AVAILABILITY,domains.list,2023-02-01 19:42:55.992562
ads.mediaturf.net,AVAILABILITY,domains.list,2023-02-01 19:44:36.866426
ads.mindsetnetwork.com,AVAILABILITY,domains.list,2023-02-01 19:44:44.162519
ads.mircx.com,AVAILABILITY,domains.list,2023-02-01 19:44:45.621558
ads.mm.ap.org,AVAILABILITY,domains.list,2023-02-01 19:45:22.707793
ads.mysimon.com,AVAILABILITY,domains.list,2023-02-01 19:48:09.765415
ads.nationalreview.com,AVAILABILITY,domains.list,2023-02-01 19:48:30.854216
ads.nerve.com,AVAILABILITY,domains.list,2023-02-01 19:48:31.450711
ads.networldmedia.net,AVAILABILITY,domains.list,2023-02-01 19:49:50.958460
ads.newtention.net,AVAILABILITY,domains.list,2023-02-01 19:50:14.945816
ads.ninemsn.com.au,AVAILABILITY,domains.list,2023-02-01 19:50:16.718126
ads.ntadvice.com,AVAILABILITY,domains.list,2023-02-01 19:51:19.032391
ads.nyootv.com,AVAILABILITY,domains.list,2023-02-01 19:51:39.877256
ads.phillyburbs.com,AVAILABILITY,domains.list,2023-02-01 19:53:38.250868
ads.planet-f1.com,AVAILABILITY,domains.list,2023-02-01 19:54:31.570410
ads.pno.net,AVAILABILITY,domains.list,2023-02-01 19:55:40.974496
ads.profitsdeluxe.com,AVAILABILITY,domains.list,2023-02-01 19:56:46.401135
ads.realmedia.de,AVAILABILITY,domains.list,2023-02-01 19:57:25.365606
ads.reklamlar.net,AVAILABILITY,domains.list,2023-02-01 19:58:01.491515
ads.revenue.net,AVAILABILITY,domains.list,2023-02-01 19:58:02.013190
ads.satyamonline.com,AVAILABILITY,domains.list,2023-02-01 19:58:47.372355
ads.smartclicks.net,AVAILABILITY,domains.list,2023-02-01 20:01:17.534474
ads.specificclick.com,AVAILABILITY,domains.list,2023-02-01 20:04:38.280086
ads.techweb.com,AVAILABILITY,domains.list,2023-02-01 20:05:53.835909
ads.treehugger.com,AVAILABILITY,domains.list,2023-02-01 20:07:46.173496
ads.v3.com,AVAILABILITY,domains.list,2023-02-01 20:10:18.548351
ads.waps.cn,AVAILABILITY,domains.list,2023-02-01 20:12:12.689053
ads.wapx.cn,AVAILABILITY,domains.list,2023-02-01 20:12:14.736824
ads.webheat.com,AVAILABILITY,domains.list,2023-02-01 20:12:18.600599
ads.webnet.advance.net,AVAILABILITY,domains.list,2023-02-01 20:12:21.231025
ads.xbox-scene.com,AVAILABILITY,domains.list,2023-02-01 20:13:01.475748
ads.xtramsn.co.nz,AVAILABILITY,domains.list,2023-02-01 20:14:08.299988
ads1.advance.net,AVAILABILITY,domains.list,2023-02-01 20:14:20.826228
ads1.destructoid.com,AVAILABILITY,domains.list,2023-02-01 20:14:21.574268
ads1.performancingads.com,AVAILABILITY,domains.list,2023-02-01 20:15:20.913392
ads1.revenue.net,AVAILABILITY,domains.list,2023-02-01 20:15:22.014960
ads1.updated.com,AVAILABILITY,domains.list,2023-02-01 20:15:22.483308
ads13000.cpmoz.com,AVAILABILITY,domains.list,2023-02-01 20:15:45.674520
ads16.advance.net,AVAILABILITY,domains.list,2023-02-01 20:15:46.965746
ads2.advance.net,AVAILABILITY,domains.list,2023-02-01 20:15:51.127951
ads2.clickad.com,AVAILABILITY,domains.list,2023-02-01 20:16:11.901430
ads2.opensubtitles.org,AVAILABILITY,domains.list,2023-02-01 20:16:32.729430
ads2.revenue.net,AVAILABILITY,domains.list,2023-02-01 20:16:34.702672
ads2.zeusclicks.com,AVAILABILITY,domains.list,2023-02-01 20:16:55.578376
ads234.com,AVAILABILITY,domains.list,2023-02-01 20:17:37.372184
ads3.advance.net,AVAILABILITY,domains.list,2023-02-01 20:24:45.962343
ads4.advance.net,AVAILABILITY,domains.list,2023-02-01 20:24:56.234113
ads4cheap.com,AVAILABILITY,domains.list,2023-02-01 20:24:59.205941
ads5.advance.net,AVAILABILITY,domains.list,2023-02-01 20:25:00.957311
ads6.advance.net,AVAILABILITY,domains.list,2023-02-01 20:25:02.715706
ads7.advance.net,AVAILABILITY,domains.list,2023-02-01 20:25:04.311331
adscreator.net,AVAILABILITY,domains.list,2023-02-01 20:27:35.665556
adserv.lwmn.net,AVAILABILITY,domains.list,2023-02-01 20:28:01.831354
adserv.usps.com,AVAILABILITY,domains.list,2023-02-01 20:28:44.600824
adserv001.adtech.us,AVAILABILITY,domains.list,2023-02-01 20:28:49.752585
adserv002.adtech.us,AVAILABILITY,domains.list,2023-02-01 20:28:53.864474
adserv003.adtech.us,AVAILABILITY,domains.list,2023-02-01 20:28:57.872765
adserv004.adtech.us,AVAILABILITY,domains.list,2023-02-01 20:29:01.637022
adserv005.adtech.us,AVAILABILITY,domains.list,2023-02-01 20:29:06.002253
adserv006.adtech.us,AVAILABILITY,domains.list,2023-02-01 20:29:09.519601
adserv007.adtech.us,AVAILABILITY,domains.list,2023-02-01 20:29:13.027118
adserv008.adtech.us,AVAILABILITY,domains.list,2023-02-01 20:29:16.530282
adserve.mizzenmedia.com,AVAILABILITY,domains.list,2023-02-01 20:29:41.940122
adserve.profit-smart.com,AVAILABILITY,domains.list,2023-02-01 20:29:46.281993
adserver-espnet.sportszone.net,AVAILABILITY,domains.list,2023-02-01 20:31:14.503873
adserver.adremedy.com,AVAILABILITY,domains.list,2023-02-01 20:31:56.969886
adserver.adtech.us,AVAILABILITY,domains.list,2023-02-01 20:32:05.569813
adserver.advertist.com,AVAILABILITY,domains.list,2023-02-01 20:32:47.451668
adserver.archant.co.uk,AVAILABILITY,domains.list,2023-02-01 20:33:12.810656
adserver.clundressed.com,AVAILABILITY,domains.list,2023-02-01 20:34:25.840133
adserver.colleges.com,AVAILABILITY,domains.list,2023-02-01 20:35:15.576466
adserver.directforce.com,AVAILABILITY,domains.list,2023-02-01 20:36:34.925241
adserver.humanux.com,AVAILABILITY,domains.list,2023-02-01 20:42:59.133908
adserver.ign.com,AVAILABILITY,domains.list,2023-02-01 20:43:06.314032
adserver.infotiger.com,AVAILABILITY,domains.list,2023-02-01 20:43:09.970450
adserver.janes.net,AVAILABILITY,domains.list,2023-02-01 20:44:41.733521
adserver.libero.it,AVAILABILITY,domains.list,2023-02-01 20:45:30.575377
adserver.lostreality.com,AVAILABILITY,domains.list,2023-02-01 20:46:32.602004
adserver.lycos.co.jp,AVAILABILITY,domains.list,2023-02-01 20:46:54.115120
adserver.phillyburbs.com,AVAILABILITY,domains.list,2023-02-01 20:48:26.216547
adserver.portalofevil.com,AVAILABILITY,domains.list,2023-02-01 20:48:51.882253
adserver.radio-canada.ca,AVAILABILITY,domains.list,2023-02-01 20:49:16.218481
adserver.sharewareonline.com,AVAILABILITY,domains.list,2023-02-01 20:49:42.295444
adserver.smashtv.com,AVAILABILITY,domains.list,2023-02-01 20:50:00.479845
adserver.te.pt,AVAILABILITY,domains.list,2023-02-01 20:50:10.903581
adserver.virtuous.co.uk,AVAILABILITY,domains.list,2023-02-01 20:52:35.892930
adserver1.adtech.com.tr,AVAILABILITY,domains.list,2023-02-01 20:53:52.157616
adserver2.atman.pl,AVAILABILITY,domains.list,2023-02-01 20:54:17.516390
adsload.co,AVAILABILITY,domains.list,2023-02-01 21:00:38.558258
adssl01.adtech.us,AVAILABILITY,domains.list,2023-02-01 21:03:11.499153
adssl02.adtech.us,AVAILABILITY,domains.list,2023-02-01 21:03:16.002836
adstil.indiatimes.com,AVAILABILITY,domains.list,2023-02-01 21:03:59.823080
adsvidsdouble.com,AVAILABILITY,domains.list,2023-02-01 21:04:36.105128
advert-time.com,AVAILABILITY,domains.list,2023-02-01 21:08:24.493787
advertising.aol.com,AVAILABILITY,domains.list,2023-02-01 21:09:00.221497
adverts.ecn.co.uk,AVAILABILITY,domains.list,2023-02-01 21:09:16.783915
advserver.xyz,AVAILABILITY,domains.list,2023-02-01 21:09:30.613626
afdyfxfrwbfy.com,AVAILABILITY,domains.list,2023-02-01 21:10:04.997437
aff3.gittigidiyor.com,AVAILABILITY,domains.list,2023-02-01 21:11:16.877644
affiliates.arvixe.com,AVAILABILITY,domains.list,2023-02-01 21:16:35.680910
afp.qiyi.com,AVAILABILITY,domains.list,2023-02-01 21:16:53.253775
afriquenouvelle.com,AVAILABILITY,domains.list,2023-02-01 21:16:54.268652
agroeconom.kz,AVAILABILITY,domains.list,2023-02-01 21:16:59.658639
aidps.atdmt.com,AVAILABILITY,domains.list,2023-02-01 21:17:42.636232
ajanlom-magamat.com,AVAILABILITY,domains.list,2023-02-01 21:17:43.038985
ak.buyservices.com,AVAILABILITY,domains.list,2023-02-01 21:18:45.978160
aktiv-blog.com,AVAILABILITY,domains.list,2023-02-01 21:18:51.374222
alignmentdisabled.net,AVAILABILITY,domains.list,2023-02-01 21:19:03.354178
allhqpics.com,AVAILABILITY,domains.list,2023-02-01 21:19:20.646798
alliance.adbureau.net,AVAILABILITY,domains.list,2023-02-01 21:20:41.054659
almaria.fr,AVAILABILITY,domains.list,2023-02-01 21:21:23.002386
alphardgolf.fr,AVAILABILITY,domains.list,2023-02-01 21:21:25.610480
alphlauren.fr,AVAILABILITY,domains.list,2023-02-01 21:21:25.981903
alprazolam.ourtablets.com,AVAILABILITY,domains.list,2023-02-01 21:21:41.280027
alprazolamonline.findmenow.info,AVAILABILITY,domains.list,2023-02-01 21:21:41.723036
alzy.fr,AVAILABILITY,domains.list,2023-02-01 21:22:11.651228
amayaresorts.fr,AVAILABILITY,domains.list,2023-02-01 21:22:18.130664
ambien.ourtablets.com,AVAILABILITY,domains.list,2023-02-01 21:22:36.879298
amch.questionmarket.com,AVAILABILITY,domains.list,2023-02-01 21:22:47.423409
americankitchen.fr,AVAILABILITY,domains.list,2023-02-01 21:22:48.665447
amoxicillin.ourtablets.com,AVAILABILITY,domains.list,2023-02-01 21:23:07.866365
analytics.kwebsoft.com,AVAILABILITY,domains.list,2023-02-01 21:23:22.577999
analytics.prx.org,AVAILABILITY,domains.list,2023-02-01 21:23:47.261813
ancree.fr,AVAILABILITY,domains.list,2023-02-01 21:24:15.521754
aneralflas.club,AVAILABILITY,domains.list,2023-02-01 21:24:22.121047
anian1.weebly.com,AVAILABILITY,domains.list,2023-02-01 21:24:26.646212
ant.conversive.nl,AVAILABILITY,domains.list,2023-02-01 21:24:34.020555
antispywareexpert.com,AVAILABILITY,domains.list,2023-02-01 21:24:35.833680
antoinettepoisson.fr,AVAILABILITY,domains.list,2023-02-01 21:24:36.519742
ap.oasfile.aftenposten.no,AVAILABILITY,domains.list,2023-02-01 21:25:10.366402
apel3.fr,AVAILABILITY,domains.list,2023-02-01 21:25:27.155293
api.behavioralengine.com,AVAILABILITY,domains.list,2023-02-01 21:26:31.163595
api.bizographics.com,AVAILABILITY,domains.list,2023-02-01 21:26:31.599855
api.content-ad.net,AVAILABILITY,domains.list,2023-02-01 21:26:42.241531
api.content.ad,AVAILABILITY,domains.list,2023-02-01 21:26:42.946703
api.sagent.io,AVAILABILITY,domains.list,2023-02-01 21:26:48.509240
api.zhy333.com,AVAILABILITY,domains.list,2023-02-01 21:26:58.541347
app.datafastguru.info,AVAILABILITY,domains.list,2023-02-01 21:27:03.529753
app.scanscout.com,AVAILABILITY,domains.list,2023-02-01 21:27:05.940045
app1.letitbefaster.website,AVAILABILITY,domains.list,2023-02-01 21:27:07.385336
app2.downloadmacsoft.world,AVAILABILITY,domains.list,2023-02-01 21:27:08.696534
app2.letitbefaster.website,AVAILABILITY,domains.list,2023-02-01 21:27:09.060735
app2.letmacwork.world,AVAILABILITY,domains.list,2023-02-01 21:27:09.623921
app2.letslowbefast.life,AVAILABILITY,domains.list,2023-02-01 21:27:11.138898
app3.letitbefaster.website,AVAILABILITY,domains.list,2023-02-01 21:27:11.518471
app3.letmacwork.world,AVAILABILITY,domains.list,2023-02-01 21:27:11.902707
app3.makeitworkfaster.life,AVAILABILITY,domains.list,2023-02-01 21:27:12.308289
app4.letitbefaster.website,AVAILABILITY,domains.list,2023-02-01 21:27:13.057215
app4.letslowbefast.life,AVAILABILITY,domains.list,2023-02-01 21:27:13.456012
app5.fastermac.tech,AVAILABILITY,domains.list,2023-02-01 21:27:13.839859
app5.letitbefaster.website,AVAILABILITY,domains.list,2023-02-01 21:27:14.209042
appale.fr,AVAILABILITY,domains.list,2023-02-01 21:27:14.607575
appfixing.space,AVAILABILITY,domains.list,2023-02-01 21:27:36.060858
appleleaveit.co,AVAILABILITY,domains.list,2023-02-01 21:27:40.713981
applicationpremium70.club,AVAILABILITY,domains.list,2023-02-01 21:27:41.761297
applyfix.tech,AVAILABILITY,domains.list,2023-02-01 21:27:42.332528
appraw.fr,AVAILABILITY,domains.list,2023-02-01 21:27:44.312335
apsu.fr,AVAILABILITY,domains.list,2023-02-01 21:32:40.121476
arbrever.fr,AVAILABILITY,domains.list,2023-02-01 21:32:52.554104
archeives-ouvertes.fr,AVAILABILITY,domains.list,2023-02-01 21:33:15.392937
archi-facile.fr,AVAILABILITY,domains.list,2023-02-01 21:33:15.714090
aresweb.fr,AVAILABILITY,domains.list,2023-02-01 21:33:42.896534
argenta.fr,AVAILABILITY,domains.list,2023-02-01 21:33:43.399589
aritzal.com,AVAILABILITY,domains.list,2023-02-01 21:33:44.045046
armsart.com,AVAILABILITY,domains.list,2023-02-01 21:33:55.220836
arteradio.fr,AVAILABILITY,domains.list,2023-02-01 21:33:57.211164
artissanat.fr,AVAILABILITY,domains.list,2023-02-01 21:33:59.416261
as.vs4entertainment.com,AVAILABILITY,domains.list,2023-02-01 21:34:34.348367
as1.inoventiv.com,AVAILABILITY,domains.list,2023-02-01 21:34:36.805876
as1image1.adshuffle.com,AVAILABILITY,domains.list,2023-02-01 21:34:39.306255
as1image2.adshuffle.com,AVAILABILITY,domains.list,2023-02-01 21:34:41.027374
asentia.fr,AVAILABILITY,domains.list,2023-02-01 21:34:47.602393
ashleyfires.fr,AVAILABILITY,domains.list,2023-02-01 21:34:48.645275
asianread.com,AVAILABILITY,domains.list,2023-02-01 21:34:59.440180
ask.webatall.com,AVAILABILITY,domains.list,2023-02-01 21:35:02.066962
askubal.fr,AVAILABILITY,domains.list,2023-02-01 21:35:04.838203
asrarrarabiya.com,AVAILABILITY,domains.list,2023-02-01 21:35:10.399422
assembled-battery.com,AVAILABILITY,domains.list,2023-02-01 21:35:10.919313
assistcom.fr,AVAILABILITY,domains.list,2023-02-01 21:35:14.781305
ast-grouope.fr,AVAILABILITY,domains.list,2023-02-01 21:35:17.845379
asv.nuggad.net,AVAILABILITY,domains.list,2023-02-01 21:35:18.561439
athenea.fr,AVAILABILITY,domains.list,2023-02-01 21:35:24.549251
ativan.ourtablets.com,AVAILABILITY,domains.list,2023-02-01 21:35:37.491803
atlanticon.fr,AVAILABILITY,domains.list,2023-02-01 21:35:37.982755
atlanticos.fr,AVAILABILITY,domains.list,2023-02-01 21:35:38.375009
atlasformrn.fr,AVAILABILITY,domains.list,2023-02-01 21:35:38.822195
atlauncher.fr,AVAILABILITY,domains.list,2023-02-01 21:35:39.847991
auirbnb.fr,AVAILABILITY,domains.list,2023-02-01 21:36:03.570014
authenticated-origin.com,AVAILABILITY,domains.list,2023-02-01 21:36:29.276773
auto-entrereneur.fr,AVAILABILITY,domains.list,2023-02-01 21:36:29.603933
automedik.fr,AVAILABILITY,domains.list,2023-02-01 21:36:37.061827
automobile-magasine.fr,AVAILABILITY,domains.list,2023-02-01 21:36:38.264264
autonewsinfo.fr,AVAILABILITY,domains.list,2023-02-01 21:36:40.152700
avilis.fr,AVAILABILITY,domains.list,2023-02-01 21:36:43.933440
avpa.javalobby.org,AVAILABILITY,domains.list,2023-02-01 21:37:07.611026
avtec.fr,AVAILABILITY,domains.list,2023-02-01 21:37:10.660826
azz.badazz.org,AVAILABILITY,domains.list,2023-02-01 21:37:52.485928
b1fe8a95ae27823.com,AVAILABILITY,domains.list,2023-02-01 21:39:02.431784
b400393baba7cd476a3.com,AVAILABILITY,domains.list,2023-02-01 21:39:04.336778
babies-bottles.com,AVAILABILITY,domains.list,2023-02-01 21:39:05.476445
bac-reunion.fr,AVAILABILITY,domains.list,2023-02-01 21:39:07.891143
backlusjumpdur.club,AVAILABILITY,domains.list,2023-02-01 21:39:08.686950
bactif.fr,AVAILABILITY,domains.list,2023-02-01 21:39:11.829337
bagaboo-bags.fr,AVAILABILITY,domains.list,2023-02-01 21:39:15.538381
bak0-store.com,AVAILABILITY,domains.list,2023-02-01 21:39:18.567238
balancewreckpoint.com,AVAILABILITY,domains.list,2023-02-01 21:39:20.636852
bamulat.blogspot.hu,AVAILABILITY,domains.list,2023-02-01 21:39:24.684227
bankportal.net,AVAILABILITY,domains.list,2023-02-01 21:40:00.234819
banner.0catch.com,AVAILABILITY,domains.list,2023-02-01 21:40:01.006848
banner.betwwts.com,AVAILABILITY,domains.list,2023-02-01 21:40:02.898832
banner.clubdicecasino.com,AVAILABILITY,domains.list,2023-02-01 21:40:10.979915
banner.relcom.ru,AVAILABILITY,domains.list,2023-02-01 21:42:08.274498
banner1.pornhost.com,AVAILABILITY,domains.list,2023-02-01 21:42:13.643072
bannerads.anytimenews.com,AVAILABILITY,domains.list,2023-02-01 21:42:26.499938
bannerads.zwire.com,AVAILABILITY,domains.list,2023-02-01 21:42:39.285753
bannerimages.0catch.com,AVAILABILITY,domains.list,2023-02-01 21:42:42.426411
banners.adgoto.com,AVAILABILITY,domains.list,2023-02-01 21:43:13.909945
banners.bol.se,AVAILABILITY,domains.list,2023-02-01 21:43:29.310297
banners.ipotd.com,AVAILABILITY,domains.list,2023-02-01 21:51:51.116104
banners.unibet.com,AVAILABILITY,domains.list,2023-02-01 21:53:04.467234
banniere.reussissonsensemble.fr,AVAILABILITY,domains.list,2023-02-01 21:53:52.225788
bansys.onzin.com,AVAILABILITY,domains.list,2023-02-01 21:54:14.489647
baramije.net,AVAILABILITY,domains.list,2023-02-01 21:54:20.634120
bargainservice.online,AVAILABILITY,domains.list,2023-02-01 21:54:23.762738
baxtel.fr,AVAILABILITY,domains.list,2023-02-01 21:54:26.876287
bayyinah.fr,AVAILABILITY,domains.list,2023-02-01 21:54:27.206907
bdaynotes.com,AVAILABILITY,domains.list,2023-02-01 21:55:06.474632
bdsm-fantaisie.fr,AVAILABILITY,domains.list,2023-02-01 21:55:08.311205
be.sitestat.com,AVAILABILITY,domains.list,2023-02-01 21:55:45.975238
beanbounce.net,AVAILABILITY,domains.list,2023-02-01 21:56:08.443871
beautylicieuse.fr,AVAILABILITY,domains.list,2023-02-01 21:56:10.867974
beautytemple.fr,AVAILABILITY,domains.list,2023-02-01 21:56:11.196477
becomeiguana.com,AVAILABILITY,domains.list,2023-02-01 21:56:12.043874
belierlaine.com,AVAILABILITY,domains.list,2023-02-01 21:56:18.711910
bell.adcentriconline.com,AVAILABILITY,domains.list,2023-02-01 21:56:19.176933
benchmarkemail.fr,AVAILABILITY,domains.list,2023-02-01 21:56:21.812581
benefitsorganic.com,AVAILABILITY,domains.list,2023-02-01 21:56:22.281772
bergeresdefrance.fr,AVAILABILITY,domains.list,2023-02-01 21:56:23.099034
besacon.fr,AVAILABILITY,domains.list,2023-02-01 21:56:23.432690
best-search.cc,AVAILABILITY,domains.list,2023-02-01 21:56:23.997562
bestblackhatforum.fr,AVAILABILITY,domains.list,2023-02-01 21:56:27.103827
bestmmo2018.com,AVAILABILITY,domains.list,2023-02-01 21:56:43.305080
bestshockers.com,AVAILABILITY,domains.list,2023-02-01 21:57:03.285313
beststores4u.com,AVAILABILITY,domains.list,2023-02-01 21:57:03.822849
bestwebpillplace.com,AVAILABILITY,domains.list,2023-02-01 21:57:25.657242
bestwesterne.fr,AVAILABILITY,domains.list,2023-02-01 21:57:25.992167
bestwing.org,AVAILABILITY,domains.list,2023-02-01 21:57:26.425992
bevilla.fr,AVAILABILITY,domains.list,2023-02-01 21:57:52.233958
bextra.ourtablets.com,AVAILABILITY,domains.list,2023-02-01 21:58:06.692373
bgrel.bonedmilfs.com,AVAILABILITY,domains.list,2023-02-01 21:58:33.860122
biaritz.fr,AVAILABILITY,domains.list,2023-02-01 21:58:37.728794
biaugerme.fr,AVAILABILITY,domains.list,2023-02-01 21:58:38.066584
bidsystem.com,AVAILABILITY,domains.list,2023-02-01 21:59:12.216635
bigads.guj.de,AVAILABILITY,domains.list,2023-02-01 21:59:14.921027
biggestgiftrewards.com,AVAILABILITY,domains.list,2023-02-01 22:01:03.902548
bill.agent.v-56.com,AVAILABILITY,domains.list,2023-02-01 22:01:14.172576
bioware.fr,AVAILABILITY,domains.list,2023-02-01 22:01:18.790302
biscuit-taste.net,AVAILABILITY,domains.list,2023-02-01 22:01:20.139978
bitanalysis.net,AVAILABILITY,domains.list,2023-02-01 22:01:20.630194
bitburg.adtech.us,AVAILABILITY,domains.list,2023-02-01 22:01:24.230934
bitcoin-upappl.com,AVAILABILITY,domains.list,2023-02-01 22:01:45.928324
biucosmetics.fr,AVAILABILITY,domains.list,2023-02-01 22:07:23.198467
black-bricks.net,AVAILABILITY,domains.list,2023-02-01 22:07:52.852029
blackwhitebags.com,AVAILABILITY,domains.list,2023-02-01 22:07:57.367602
blindlydivision.com,AVAILABILITY,domains.list,2023-02-01 22:08:01.120297
blockedsituation.net,AVAILABILITY,domains.list,2023-02-01 22:08:02.048330
blog.br0vvnn.io,AVAILABILITY,domains.list,2023-02-01 22:08:03.080448
blogreseller.net,AVAILABILITY,domains.list,2023-02-01 22:08:03.975994
bluepartner.fr,AVAILABILITY,domains.list,2023-02-01 22:08:34.337042
bluestreak.com,AVAILABILITY,domains.list,2023-02-01 22:08:39.004400
bnvxcfhdgf.blogspot.com.es,AVAILABILITY,domains.list,2023-02-01 22:09:52.683968
boardgamearena.fr,AVAILABILITY,domains.list,2023-02-01 22:09:53.002020
bobgear.fr,AVAILABILITY,domains.list,2023-02-01 22:09:54.832333
bodyfitness-epernon.fr,AVAILABILITY,domains.list,2023-02-01 22:09:55.599323
bodyhousse.fr,AVAILABILITY,domains.list,2023-02-01 22:09:55.994025
boneville.fr,AVAILABILITY,domains.list,2023-02-01 22:10:23.744769
bontril.ourtablets.com,AVAILABILITY,domains.list,2023-02-01 22:10:38.818826
bornprix.fr,AVAILABILITY,domains.list,2023-02-01 22:10:42.326919
boskrut.com,AVAILABILITY,domains.list,2023-02-01 22:10:43.982773
bottlehere.com,AVAILABILITY,domains.list,2023-02-01 22:10:45.737815
boujois.fr,AVAILABILITY,domains.list,2023-02-01 22:10:46.650258
boursidirect.fr,AVAILABILITY,domains.list,2023-02-01 22:10:46.970441
boutique-papillon.fr,AVAILABILITY,domains.list,2023-02-01 22:10:47.586821
bouygiestelecom.fr,AVAILABILITY,domains.list,2023-02-01 22:10:47.899274
box-en.com,AVAILABILITY,domains.list,2023-02-01 22:10:48.848050
boxes-mix.net,AVAILABILITY,domains.list,2023-02-01 22:10:49.345837
bpong.fr,AVAILABILITY,domains.list,2023-02-01 22:11:10.763417
brand-tech.net,AVAILABILITY,domains.list,2023-02-01 22:11:34.268103
breizh-ile.fr,AVAILABILITY,domains.list,2023-02-01 22:11:50.942201
bricolage-avec-robert.fr,AVAILABILITY,domains.list,2023-02-01 22:11:51.796959
bridgebase.fr,AVAILABILITY,domains.list,2023-02-01 22:11:52.402853
brokking.fr,AVAILABILITY,domains.list,2023-02-01 22:11:57.055098
brostyles.fr,AVAILABILITY,domains.list,2023-02-01 22:11:57.373533
browserprotecter.com,AVAILABILITY,domains.list,2023-02-01 22:11:59.492104
browsesentinel.com,AVAILABILITY,domains.list,2023-02-01 22:11:59.909310
brunga.at,AVAILABILITY,domains.list,2023-02-01 22:12:01.650275
bsnj.eyeblaster.akadns.net,AVAILABILITY,domains.list,2023-02-01 22:12:05.494929
btbuyerapp.com,AVAILABILITY,domains.list,2023-02-01 22:12:09.465471
bubblesmoke.net,AVAILABILITY,domains.list,2023-02-01 22:12:09.900146
bubblesweetcake.com,AVAILABILITY,domains.list,2023-02-01 22:12:10.337416
budapest1873.net,AVAILABILITY,domains.list,2023-02-01 22:12:10.799543
buildingcarpet.com,AVAILABILITY,domains.list,2023-02-01 22:12:13.663354
bulktheft.com,AVAILABILITY,domains.list,2023-02-01 22:12:15.342400
bundesanzeiger.fr,AVAILABILITY,domains.list,2023-02-01 22:12:19.033677
burley.fr,AVAILABILITY,domains.list,2023-02-01 22:12:20.692339
burns.adtech.us,AVAILABILITY,domains.list,2023-02-01 22:12:23.973873
bustimer.net,AVAILABILITY,domains.list,2023-02-01 22:12:29.389931
buy-adipex.aca.ru,AVAILABILITY,domains.list,2023-02-01 22:12:47.661544
buy-hydrocodone.aca.ru,AVAILABILITY,domains.list,2023-02-01 22:13:10.884767
buy-hydrocodone.este.ru,AVAILABILITY,domains.list,2023-02-01 22:13:13.027751
buy-valium.este.ru,AVAILABILITY,domains.list,2023-02-01 22:13:18.869903
buy-viagra.aca.ru,AVAILABILITY,domains.list,2023-02-01 22:13:37.210498
buy-vicodin-online.seumala.net,AVAILABILITY,domains.list,2023-02-01 22:13:37.646285
buy-xanax-cheap-xanax-online.com,AVAILABILITY,domains.list,2023-02-01 22:13:40.029805
buy-xanax.aztecaonline.net,AVAILABILITY,domains.list,2023-02-01 22:13:42.323545
buyagift.fr,AVAILABILITY,domains.list,2023-02-01 22:13:46.364341
buycialisonline.7h.com,AVAILABILITY,domains.list,2023-02-01 22:13:46.880523
buyfioricet.findmenow.info,AVAILABILITY,domains.list,2023-02-01 22:13:47.285544
buyfioricetonline.7h.com,AVAILABILITY,domains.list,2023-02-01 22:13:47.763442
buyhydrocodoneonline.findmenow.info,AVAILABILITY,domains.list,2023-02-01 22:13:48.976103
buylevitraonline.7h.com,AVAILABILITY,domains.list,2023-02-01 22:13:51.021124
buylortabonline.7h.com,AVAILABILITY,domains.list,2023-02-01 22:13:51.491914
buypaxilonline.7h.com,AVAILABILITY,domains.list,2023-02-01 22:13:51.963148
buyphentermineonline.7h.com,AVAILABILITY,domains.list,2023-02-01 22:13:52.504021
c-martinique.fr,AVAILABILITY,domains.list,2023-02-01 22:13:59.619575
c-rennes.fr,AVAILABILITY,domains.list,2023-02-01 22:14:00.211989
c.atdmt.com,AVAILABILITY,domains.list,2023-02-01 22:14:09.149500
c.imedia.cz,AVAILABILITY,domains.list,2023-02-01 22:14:41.061991
c.novostimira.biz,AVAILABILITY,domains.list,2023-02-01 22:14:49.666031
c0nforama.fr,AVAILABILITY,domains.list,2023-02-01 22:15:57.728325
c1i.su,AVAILABILITY,domains.list,2023-02-01 22:16:32.806481
ca-biepicardie.fr,AVAILABILITY,domains.list,2023-02-01 22:24:33.502362
ca-cantreloire.fr,AVAILABILITY,domains.list,2023-02-01 22:24:34.224517
ca-centtreloire.fr,AVAILABILITY,domains.list,2023-02-01 22:24:34.570830
ca-czntrefrance.fr,AVAILABILITY,domains.list,2023-02-01 22:24:34.929454
ca-languedo.fr,AVAILABILITY,domains.list,2023-02-01 22:24:35.290467
ca-nm.fr,AVAILABILITY,domains.list,2023-02-01 22:24:35.671375
ca-pac.fr,AVAILABILITY,domains.list,2023-02-01 22:24:36.024437
ca-vb.fr,AVAILABILITY,domains.list,2023-02-01 22:24:36.752359
cablyshaw.com,AVAILABILITY,domains.list,2023-02-01 22:24:47.656948
cache.unicast.com,AVAILABILITY,domains.list,2023-02-01 22:25:02.380788
caeauxfolies.fr,AVAILABILITY,domains.list,2023-02-01 22:25:05.812921
cafe-express.fr,AVAILABILITY,domains.list,2023-02-01 22:25:06.176527
cafj.fr,AVAILABILITY,domains.list,2023-02-01 22:25:07.975138
cafranchecomte.fr,AVAILABILITY,domains.list,2023-02-01 22:25:09.596479
cambonanza.com,AVAILABILITY,domains.list,2023-02-01 22:25:13.864517
campaigns.f2.com.au,AVAILABILITY,domains.list,2023-02-01 22:25:18.553423
camping-la-bien-assise.fr,AVAILABILITY,domains.list,2023-02-01 22:25:18.938929
camping-oreedelocean.fr,AVAILABILITY,domains.list,2023-02-01 22:25:19.299139
camping-pinede.fr,AVAILABILITY,domains.list,2023-02-01 22:25:19.673802
campinglespins.fr,AVAILABILITY,domains.list,2023-02-01 22:25:20.061730
camplace.fr,AVAILABILITY,domains.list,2023-02-01 22:25:20.458272
campus-forprof.fr,AVAILABILITY,domains.list,2023-02-01 22:25:20.833668
capitalregionusa.fr,AVAILABILITY,domains.list,2023-02-01 22:25:31.709055
careersincorrectquickie.com,AVAILABILITY,domains.list,2023-02-01 22:25:40.357509
carisoprodol.ourtablets.com,AVAILABILITY,domains.list,2023-02-01 22:26:07.506337
cars-to-buy.com,AVAILABILITY,domains.list,2023-02-01 22:26:17.142641
cartoonnetworkarabic.fr,AVAILABILITY,domains.list,2023-02-01 22:26:18.140658
cas.clickability.com,AVAILABILITY,domains.list,2023-02-01 22:26:55.274265
cashbackwow.co.uk,AVAILABILITY,domains.list,2023-02-01 22:27:08.640008
castelli-cycling.fr,AVAILABILITY,domains.list,2023-02-01 22:27:23.672087
casting.openv.com,AVAILABILITY,domains.list,2023-02-01 22:28:13.381134
castortama.fr,AVAILABILITY,domains.list,2023-02-01 22:28:13.773374
cbcare.fr,AVAILABILITY,domains.list,2023-02-01 22:29:06.401760
ccb.myzen.co.uk,AVAILABILITY,domains.list,2023-02-01 22:29:19.456253
ccieurope.fr,AVAILABILITY,domains.list,2023-02-01 22:29:19.880510
cd-elec.fr,AVAILABILITY,domains.list,2023-02-01 22:29:49.267474
cdn.atlassbx.com,AVAILABILITY,domains.list,2023-02-01 22:31:03.068798
cdn.directrev.com,AVAILABILITY,domains.list,2023-02-01 22:31:38.063130
cdn.freefaits.com,AVAILABILITY,domains.list,2023-02-01 22:31:44.166639
cdn.jquery-uim.download,AVAILABILITY,domains.list,2023-02-01 22:31:58.895412
cdn.sagent.io,AVAILABILITY,domains.list,2023-02-01 22:32:27.342628
cdn.syn.verticalacuity.com,AVAILABILITY,domains.list,2023-02-01 22:32:40.769162
cdn.yottos.com,AVAILABILITY,domains.list,2023-02-01 22:32:49.018349
cdn.zarget.com,AVAILABILITY,domains.list,2023-02-01 22:32:49.974266
cdn1.ad-center.com,AVAILABILITY,domains.list,2023-02-01 22:32:51.166165
cdn2.ad-center.com,AVAILABILITY,domains.list,2023-02-01 22:33:02.520529
cds.adecn.com,AVAILABILITY,domains.list,2023-02-01 22:33:16.375408
cds26.ams9.msecn.net,AVAILABILITY,domains.list,2023-02-01 22:33:38.540939
ce-marketing.fr,AVAILABILITY,domains.list,2023-02-01 22:33:38.911479
cekornapred.org,AVAILABILITY,domains.list,2023-02-01 22:33:41.614987
cellphoneincentives.com,AVAILABILITY,domains.list,2023-02-01 22:33:56.806687
cellu-clean.fr,AVAILABILITY,domains.list,2023-02-01 22:33:57.179887
cengolio.fr,AVAILABILITY,domains.list,2023-02-01 22:33:57.576817
cent.adbureau.net,AVAILABILITY,domains.list,2023-02-01 22:35:18.061449
center-message-mobile.com,AVAILABILITY,domains.list,2023-02-01 22:41:25.500957
centersession.com,AVAILABILITY,domains.list,2023-02-01 22:41:25.961380
cephalexin.ourtablets.com,AVAILABILITY,domains.list,2023-02-01 22:41:41.291016
cesdeals.fr,AVAILABILITY,domains.list,2023-02-01 22:41:45.171742
cfg.datafastguru.info,AVAILABILITY,domains.list,2023-02-01 22:41:48.740724
chaisesprivee.fr,AVAILABILITY,domains.list,2023-02-01 22:42:35.531103
chaliehebdo.fr,AVAILABILITY,domains.list,2023-02-01 22:42:35.850805
changduk26.com,AVAILABILITY,domains.list,2023-02-01 22:42:36.686274
charmstroy.info,AVAILABILITY,domains.list,2023-02-01 22:42:41.175377
chch.fr,AVAILABILITY,domains.list,2023-02-01 22:42:42.379993
cheapapartmentsaroundme.com,AVAILABILITY,domains.list,2023-02-01 22:42:44.137106
checkfreevideos.net,AVAILABILITY,domains.list,2023-02-01 22:42:52.555558
chelick.net,AVAILABILITY,domains.list,2023-02-01 22:42:53.370194
chickenwaves.com,AVAILABILITY,domains.list,2023-02-01 22:43:14.653807
chienvoyageur.fr,AVAILABILITY,domains.list,2023-02-01 22:43:14.996322
choicesurveypanel.com,AVAILABILITY,domains.list,2023-02-01 22:43:36.730215
chrliehebdo.fr,AVAILABILITY,domains.list,2023-02-01 22:43:37.944275
chu-morlaix.fr,AVAILABILITY,domains.list,2023-02-01 22:43:38.532040
chubaka.org,AVAILABILITY,domains.list,2023-02-01 22:43:39.130536
cialis.ourtablets.com,AVAILABILITY,domains.list,2023-02-01 22:43:55.285273
cic-epargnrsalariale.fr,AVAILABILITY,domains.list,2023-02-01 22:43:55.583980
cifw.fr,AVAILABILITY,domains.list,2023-02-01 22:43:57.215815
ciiycode.com,AVAILABILITY,domains.list,2023-02-01 22:43:58.075263
cinediagonal.fr,AVAILABILITY,domains.list,2023-02-01 22:43:59.597106
cinemasouslesetoiles.fr,AVAILABILITY,domains.list,2023-02-01 22:44:01.880939
cinforama.fr,AVAILABILITY,domains.list,2023-02-01 22:44:02.215182
circuitsdelegende.fr,AVAILABILITY,domains.list,2023-02-01 22:44:03.901070
citrix.market2lead.com,AVAILABILITY,domains.list,2023-02-01 22:44:09.174925
citycash2.blogspot.com,AVAILABILITY,domains.list,2023-02-01 22:44:50.605712
claclasse.fr,AVAILABILITY,domains.list,2023-02-01 22:44:56.849469
cleanmobilephone.com,AVAILABILITY,domains.list,2023-02-01 22:45:24.006882
clhctrk.com,AVAILABILITY,domains.list,2023-02-01 22:45:25.546652
click.adpile.net,AVAILABILITY,domains.list,2023-02-01 22:45:26.464221
click.atdmt.com,AVAILABILITY,domains.list,2023-02-01 22:45:26.931527
click.runcpa.com,AVAILABILITY,domains.list,2023-02-01 22:45:34.509981
clickrighthere.online,AVAILABILITY,domains.list,2023-02-01 22:46:03.186509
clicks.emarketmakers.com,AVAILABILITY,domains.list,2023-02-01 22:46:18.018532
clicks.walla.co.il,AVAILABILITY,domains.list,2023-02-01 22:47:32.113966
clicktrack247.com,AVAILABILITY,domains.list,2023-02-01 22:47:45.254204
clients-access.com,AVAILABILITY,domains.list,2023-02-01 22:47:48.663033
clients-share.com,AVAILABILITY,domains.list,2023-02-01 22:47:49.081342
clk.aboxdeal.com,AVAILABILITY,domains.list,2023-02-01 22:51:07.856822
clk.atdmt.com,AVAILABILITY,domains.list,2023-02-01 22:51:10.641551
