subject,idna_subject,expiration_date,epoch,registrar
123stat.com,123stat.com,19-aug-2024,1724025600.0,
123stat.com,123stat.com,19-aug-2024,1724025600.0,
5thavenue.com,5thavenue.com,06-may-2028,1841184000.0,
5thavenue.com,5thavenue.com,06-may-2028,1841184000.0,
888.com,888.com,14-feb-2023,1676332800.0,
888.com,888.com,14-feb-2023,1676332800.0,
888casino.com,888casino.com,28-jun-2023,1687910400.0,
888casino.com,888casino.com,28-jun-2023,1687910400.0,
888poker.com,888poker.com,08-oct-2023,1696723200.0,
888poker.com,888poker.com,08-oct-2023,1696723200.0,
961.com,961.com,13-may-2023,1683936000.0,
961.com,961.com,13-may-2023,1683936000.0,
abetterinternet.com,abetterinternet.com,14-aug-2024,1723593600.0,
abetterinternet.com,abetterinternet.com,14-aug-2024,1723593600.0,
acglgoa.com,acglgoa.com,18-oct-2028,1855440000.0,
acglgoa.com,acglgoa.com,18-oct-2028,1855440000.0,
adadvisor.net,adadvisor.net,08-apr-2024,1712534400.0,
adadvisor.net,adadvisor.net,08-apr-2024,1712534400.0,
adform.com,adform.com,16-jul-2023,1689465600.0,
adform.com,adform.com,16-jul-2023,1689465600.0,
adhese.com,adhese.com,04-apr-2025,1743724800.0,
adhese.com,adhese.com,04-apr-2025,1743724800.0,
adjug.com,adjug.com,14-aug-2024,1723593600.0,
adjug.com,adjug.com,14-aug-2024,1723593600.0,
admedia.com,admedia.com,27-apr-2029,1871942400.0,
admedia.com,admedia.com,27-apr-2029,1871942400.0,
adstogo.com,adstogo.com,11-dec-2024,1733875200.0,
adstogo.com,adstogo.com,11-dec-2024,1733875200.0,
advertise.com,advertise.com,26-oct-2026,1792972800.0,
advertise.com,advertise.com,26-oct-2026,1792972800.0,
alexxe.com,alexxe.com,02-jan-2027,1798848000.0,
alexxe.com,alexxe.com,02-jan-2027,1798848000.0,
amazon-adsystem.com,amazon-adsystem.com,16-sep-2024,1726444800.0,
amazon-adsystem.com,amazon-adsystem.com,16-sep-2024,1726444800.0,
anatol.com,anatol.com,09-jul-2025,1752019200.0,
anatol.com,anatol.com,09-jul-2025,1752019200.0,
assoc-amazon.com,assoc-amazon.com,16-jul-2024,1721088000.0,
assoc-amazon.com,assoc-amazon.com,16-jul-2024,1721088000.0,
bannerbackup.com,bannerbackup.com,22-feb-2024,1708560000.0,
bannerbackup.com,bannerbackup.com,22-feb-2024,1708560000.0,
bet-at-home.com,bet-at-home.com,04-oct-2028,1854230400.0,
bet-at-home.com,bet-at-home.com,04-oct-2028,1854230400.0,
bet365.com,bet365.com,04-aug-2025,1754265600.0,
bet365.com,bet365.com,04-aug-2025,1754265600.0,
bongacams.com,bongacams.com,25-jan-2024,1706140800.0,
bongacams.com,bongacams.com,25-jan-2024,1706140800.0,
cahoots.com,cahoots.com,23-nov-2024,1732320000.0,
cahoots.com,cahoots.com,23-nov-2024,1732320000.0,
casalemedia.com,casalemedia.com,19-oct-2023,1697673600.0,
casalemedia.com,casalemedia.com,19-oct-2023,1697673600.0,
cashcounter.com,cashcounter.com,17-jan-2024,1705449600.0,
cashcounter.com,cashcounter.com,17-jan-2024,1705449600.0,
classicjack.com,classicjack.com,17-jul-2024,1721174400.0,
classicjack.com,classicjack.com,17-jul-2024,1721174400.0,
clickmeter.com,clickmeter.com,17-jul-2027,1815782400.0,
clickmeter.com,clickmeter.com,17-jul-2027,1815782400.0,
clickthruserver.com,clickthruserver.com,12-jun-2024,1718150400.0,
clickthruserver.com,clickthruserver.com,12-jun-2024,1718150400.0,
clicktripz.com,clicktripz.com,08-feb-2023,1675814400.0,
clicktripz.com,clicktripz.com,08-feb-2023,1675814400.0,
conduit.com,conduit.com,21-apr-2029,1871424000.0,
conduit.com,conduit.com,21-apr-2029,1871424000.0,
connexity.net,connexity.net,06-jan-2024,1704499200.0,
connexity.net,connexity.net,06-jan-2024,1704499200.0,
contextweb.com,contextweb.com,16-mar-2023,1678924800.0,
contextweb.com,contextweb.com,16-mar-2023,1678924800.0,
convertro.com,convertro.com,09-feb-2024,1707436800.0,
convertro.com,convertro.com,09-feb-2024,1707436800.0,
cuntwars.com,cuntwars.com,28-feb-2024,1709078400.0,
cuntwars.com,cuntwars.com,28-feb-2024,1709078400.0,
dgit.com,dgit.com,16-may-2024,1715817600.0,
dgit.com,dgit.com,16-may-2024,1715817600.0,
didtheyreadit.com,didtheyreadit.com,10-sep-2025,1757462400.0,
didtheyreadit.com,didtheyreadit.com,10-sep-2025,1757462400.0,
digimedia.com,digimedia.com,30-jul-2024,1722297600.0,
digimedia.com,digimedia.com,30-jul-2024,1722297600.0,
eyewonder.com,eyewonder.com,23-dec-2024,1734912000.0,
eyewonder.com,eyewonder.com,23-dec-2024,1734912000.0,
feedjit.com,feedjit.com,06-oct-2023,1696550400.0,
feedjit.com,feedjit.com,06-oct-2023,1696550400.0,
flu23.com,flu23.com,18-feb-2026,1771372800.0,
flu23.com,flu23.com,18-feb-2026,1771372800.0,
getmyads.com,getmyads.com,04-dec-2025,1764806400.0,
getmyads.com,getmyads.com,04-dec-2025,1764806400.0,
inklineglobal.com,inklineglobal.com,03-feb-2023,1675382400.0,
inklineglobal.com,inklineglobal.com,03-feb-2023,1675382400.0,
iuqerfsodp9ifjaposdfjhgosurijfaewrwergwea.com,iuqerfsodp9ifjaposdfjhgosurijfaewrwergwea.com,12-may-2024,1715472000.0,
iuqerfsodp9ifjaposdfjhgosurijfaewrwergwea.com,iuqerfsodp9ifjaposdfjhgosurijfaewrwergwea.com,12-may-2024,1715472000.0,
kissmetrics.com,kissmetrics.com,28-sep-2027,1822089600.0,
kissmetrics.com,kissmetrics.com,28-sep-2027,1822089600.0,
kontera.com,kontera.com,23-oct-2025,1761177600.0,
kontera.com,kontera.com,23-oct-2025,1761177600.0,
loboclick.com,loboclick.com,12-dec-2024,1733961600.0,
loboclick.com,loboclick.com,12-dec-2024,1733961600.0,
lockerdome.com,lockerdome.com,10-sep-2024,1725926400.0,
lockerdome.com,lockerdome.com,10-sep-2024,1725926400.0,
marketaff.com,marketaff.com,15-aug-2024,1723680000.0,
marketaff.com,marketaff.com,15-aug-2024,1723680000.0,
miercuri.gq,miercuri.gq,24-jan-2026,1769212800.0,
miercuri.gq,miercuri.gq,24-jan-2026,1769212800.0,
ml314.com,ml314.com,22-apr-2027,1808352000.0,
ml314.com,ml314.com,22-apr-2027,1808352000.0,
mysagagame.com,mysagagame.com,21-feb-2023,1676937600.0,
mysagagame.com,mysagagame.com,21-feb-2023,1676937600.0,
nextgenstats.com,nextgenstats.com,20-sep-2027,1821398400.0,
nextgenstats.com,nextgenstats.com,20-sep-2027,1821398400.0,
outbrain.com,outbrain.com,09-aug-2023,1691539200.0,
outbrain.com,outbrain.com,09-aug-2023,1691539200.0,
partycasino.com,partycasino.com,27-apr-2024,1714176000.0,
partycasino.com,partycasino.com,27-apr-2024,1714176000.0,
perfectgirls.net,perfectgirls.net,19-sep-2027,1821312000.0,
perfectgirls.net,perfectgirls.net,19-sep-2027,1821312000.0,
popupdomination.com,popupdomination.com,08-jul-2023,1688774400.0,
popupdomination.com,popupdomination.com,08-jul-2023,1688774400.0,
shafou.com,shafou.com,05-nov-2025,1762300800.0,
shafou.com,shafou.com,05-nov-2025,1762300800.0,
shockgore.com,shockgore.com,09-may-2023,1683590400.0,
shockgore.com,shockgore.com,09-may-2023,1683590400.0,
simpli.fi,simpli.fi,15-mar-2024,1710460800.0,
simpli.fi,simpli.fi,15-mar-2024,1710460800.0,
siteimproveanalytics.com,siteimproveanalytics.com,26-feb-2024,1708905600.0,
siteimproveanalytics.com,siteimproveanalytics.com,26-feb-2024,1708905600.0,
smutstone.com,smutstone.com,22-aug-2023,1692662400.0,
smutstone.com,smutstone.com,22-aug-2023,1692662400.0,
spotxchange.com,spotxchange.com,08-jun-2024,1717804800.0,
spotxchange.com,spotxchange.com,08-jun-2024,1717804800.0,
systweak.com,systweak.com,28-sep-2025,1759017600.0,
systweak.com,systweak.com,28-sep-2025,1759017600.0,
tradedoubler.com,tradedoubler.com,10-oct-2023,1696896000.0,
tradedoubler.com,tradedoubler.com,10-oct-2023,1696896000.0,
tradetracker.net,tradetracker.net,21-dec-2025,1766275200.0,
tradetracker.net,tradetracker.net,21-dec-2025,1766275200.0,
traktum.com,traktum.com,18-jan-2028,1831766400.0,
traktum.com,traktum.com,18-jan-2028,1831766400.0,
tsyndicate.com,tsyndicate.com,28-may-2028,1843084800.0,
tsyndicate.com,tsyndicate.com,28-may-2028,1843084800.0,
turn.com,turn.com,01-apr-2024,1711929600.0,
turn.com,turn.com,01-apr-2024,1711929600.0,
v2profit.com,v2profit.com,17-jul-2023,1689552000.0,
v2profit.com,v2profit.com,17-jul-2023,1689552000.0,
visualwebsiteoptimizer.com,visualwebsiteoptimizer.com,13-nov-2023,1699833600.0,
visualwebsiteoptimizer.com,visualwebsiteoptimizer.com,13-nov-2023,1699833600.0,
voluumtrk.com,voluumtrk.com,06-aug-2024,1722902400.0,
voluumtrk.com,voluumtrk.com,06-aug-2024,1722902400.0,
voluumtrk3.com,voluumtrk3.com,29-apr-2025,1745884800.0,
voluumtrk3.com,voluumtrk3.com,29-apr-2025,1745884800.0,
yotube.com,yotube.com,14-aug-2026,1786665600.0,
yotube.com,yotube.com,14-aug-2026,1786665600.0,
zeroredirect2.com,zeroredirect2.com,15-feb-2024,1707955200.0,
zeroredirect2.com,zeroredirect2.com,15-feb-2024,1707955200.0,
1priest1nun.net,1priest1nun.net,16-may-2023,1684195200.0,
1priest1nun.net,1priest1nun.net,16-may-2023,1684195200.0,
2girls1cup.cc,2girls1cup.cc,18-oct-2023,1697587200.0,
2girls1cup.cc,2girls1cup.cc,18-oct-2023,1697587200.0,
32red.it,32red.it,27-oct-2023,1698364800.0,
32red.it,32red.it,27-oct-2023,1698364800.0,
7x.cc,7x.cc,02-mar-2024,1709337600.0,
7x.cc,7x.cc,02-mar-2024,1709337600.0,
7zip.fr,7zip.fr,03-jan-2024,1704240000.0,
7zip.fr,7zip.fr,03-jan-2024,1704240000.0,
aaa-arcobaleno.it,aaa-arcobaleno.it,07-oct-2023,1696636800.0,
aaa-arcobaleno.it,aaa-arcobaleno.it,07-oct-2023,1696636800.0,
aarth.net,aarth.net,08-apr-2023,1680912000.0,
aarth.net,aarth.net,08-apr-2023,1680912000.0,
abruzzoinitaly.co.uk,abruzzoinitaly.co.uk,08-jan-2024,1704672000.0,
abruzzoinitaly.co.uk,abruzzoinitaly.co.uk,08-jan-2024,1704672000.0,
academy-internet.net,academy-internet.net,25-may-2023,1684972800.0,
academy-internet.net,academy-internet.net,25-may-2023,1684972800.0,
actu24.online,actu24.online,06-may-2023,1683331200.0,
actu24.online,actu24.online,06-may-2023,1683331200.0,
ad-srv.net,ad-srv.net,24-jan-2024,1706054400.0,
ad-srv.net,ad-srv.net,24-jan-2024,1706054400.0,
ad-vice.biz,ad-vice.biz,28-feb-2024,1709078400.0,
ad-vice.biz,ad-vice.biz,28-feb-2024,1709078400.0,
ad.net,ad.net,08-mar-2023,1678233600.0,
ad.net,ad.net,08-mar-2023,1678233600.0,
ad20.net,ad20.net,01-mar-2024,1709251200.0,
ad20.net,ad20.net,01-mar-2024,1709251200.0,
ad6media.fr,ad6media.fr,20-apr-2023,1681948800.0,
ad6media.fr,ad6media.fr,20-apr-2023,1681948800.0,
adaos-ads.net,adaos-ads.net,08-sep-2023,1694131200.0,
adaos-ads.net,adaos-ads.net,08-sep-2023,1694131200.0,
adbit.co,adbit.co,20-mar-2023,1679270400.0,
adbit.co,adbit.co,20-mar-2023,1679270400.0,
adblock.fr,adblock.fr,03-jan-2024,1704240000.0,
adblock.fr,adblock.fr,03-jan-2024,1704240000.0,
addstock.co.uk,addstock.co.uk,07-apr-2023,1680825600.0,
addstock.co.uk,addstock.co.uk,07-apr-2023,1680825600.0,
adexprt.me,adexprt.me,23-jan-2024,1705968000.0,
adexprt.me,adexprt.me,23-jan-2024,1705968000.0,
adhref.pl,adhref.pl,22-nov-2023,1700611200.0,
adhref.pl,adhref.pl,22-nov-2023,1700611200.0,
adjuggler.net,adjuggler.net,29-mar-2023,1680048000.0,
adjuggler.net,adjuggler.net,29-mar-2023,1680048000.0,
ads.dk,ads.dk,30-jun-2023,1688083200.0,
ads.dk,ads.dk,30-jun-2023,1688083200.0,
ads.gold,ads.gold,30-apr-2024,1714435200.0,
ads.gold,ads.gold,30-apr-2024,1714435200.0,
ads24.net,ads24.net,04-jan-2024,1704326400.0,
ads24.net,ads24.net,04-jan-2024,1704326400.0,
ads2ads.net,ads2ads.net,03-may-2023,1683072000.0,
ads2ads.net,ads2ads.net,03-may-2023,1683072000.0,
adserver.ro,adserver.ro,03-nov-2023,1698969600.0,
adserver.ro,adserver.ro,03-nov-2023,1698969600.0,
adspirit.net,adspirit.net,09-sep-2023,1694217600.0,
adspirit.net,adspirit.net,09-sep-2023,1694217600.0,
adsrv.me,adsrv.me,20-feb-2024,1708387200.0,
adsrv.me,adsrv.me,20-feb-2024,1708387200.0,
adsspace.net,adsspace.net,11-nov-2023,1699660800.0,
adsspace.net,adsspace.net,11-nov-2023,1699660800.0,
adsupplyads.net,adsupplyads.net,25-jun-2024,1719273600.0,
adsupplyads.net,adsupplyads.net,25-jun-2024,1719273600.0,
adzone.ro,adzone.ro,10-oct-2023,1696896000.0,
adzone.ro,adzone.ro,10-oct-2023,1696896000.0,
afform.co.uk,afform.co.uk,04-jun-2023,1685836800.0,
afform.co.uk,afform.co.uk,04-jun-2023,1685836800.0,
agilityprocessing.net,agilityprocessing.net,10-oct-2023,1696896000.0,
agilityprocessing.net,agilityprocessing.net,10-oct-2023,1696896000.0,
agt.net,agt.net,20-apr-2023,1681948800.0,
agt.net,agt.net,20-apr-2023,1681948800.0,
ako.cc,ako.cc,27-mar-2023,1679875200.0,
ako.cc,ako.cc,27-mar-2023,1679875200.0,
ale-gratka.pl,ale-gratka.pl,27-jan-2024,1706313600.0,
ale-gratka.pl,ale-gratka.pl,27-jan-2024,1706313600.0,
amobil.online,amobil.online,02-jun-2023,1685664000.0,
amobil.online,amobil.online,02-jun-2023,1685664000.0,
aporasal.net,aporasal.net,20-jan-2024,1705708800.0,
aporasal.net,aporasal.net,20-jan-2024,1705708800.0,
apps-cloud.xyz,apps-cloud.xyz,26-mar-2023,1679788800.0,
apps-cloud.xyz,apps-cloud.xyz,26-mar-2023,1679788800.0,
askto.net,askto.net,30-sep-2023,1696032000.0,
askto.net,askto.net,30-sep-2023,1696032000.0,
assostudiosrl.it,assostudiosrl.it,25-jul-2023,1690243200.0,
assostudiosrl.it,assostudiosrl.it,25-jul-2023,1690243200.0,
audacity.fr,audacity.fr,17-oct-2023,1697500800.0,
audacity.fr,audacity.fr,17-oct-2023,1697500800.0,
audacity.pl,audacity.pl,21-mar-2023,1679356800.0,
audacity.pl,audacity.pl,21-mar-2023,1679356800.0,
audicat.net,audicat.net,17-jan-2024,1705449600.0,
audicat.net,audicat.net,17-jan-2024,1705449600.0,
baskidunyasi.net,baskidunyasi.net,03-mar-2024,1709424000.0,
baskidunyasi.net,baskidunyasi.net,03-mar-2024,1709424000.0,
bestfoods.co,bestfoods.co,16-nov-2023,1700092800.0,
bestfoods.co,bestfoods.co,16-nov-2023,1700092800.0,
bestgore.fun,bestgore.fun,03-dec-2023,1701561600.0,
bestgore.fun,bestgore.fun,03-dec-2023,1701561600.0,
bestreview.site,bestreview.site,08-jul-2023,1688774400.0,
bestreview.site,bestreview.site,08-jul-2023,1688774400.0,
bestwatersystems.net,bestwatersystems.net,29-sep-2023,1695945600.0,
bestwatersystems.net,bestwatersystems.net,29-sep-2023,1695945600.0,
bighow.net,bighow.net,20-mar-2023,1679270400.0,
bighow.net,bighow.net,20-mar-2023,1679270400.0,
bitcoadz.io,bitcoadz.io,09-aug-2026,1786233600.0,
bitcoadz.io,bitcoadz.io,09-aug-2026,1786233600.0,
bitmedia.io,bitmedia.io,13-jun-2024,1718236800.0,
bitmedia.io,bitmedia.io,13-jun-2024,1718236800.0,
blackqpid.org.uk,blackqpid.org.uk,11-sep-2023,1694390400.0,
blackqpid.org.uk,blackqpid.org.uk,11-sep-2023,1694390400.0,
blender3d.fr,blender3d.fr,03-jan-2024,1704240000.0,
blender3d.fr,blender3d.fr,03-jan-2024,1704240000.0,
bluewaffle.biz,bluewaffle.biz,28-nov-2023,1701129600.0,
bluewaffle.biz,bluewaffle.biz,28-nov-2023,1701129600.0,
bobcard.co.in,bobcard.co.in,21-jun-2027,1813536000.0,
bobcard.co.in,bobcard.co.in,21-jun-2027,1813536000.0,
bookpdf.services,bookpdf.services,01-dec-2024,1733011200.0,
bookpdf.services,bookpdf.services,01-dec-2024,1733011200.0,
boroskola.info,boroskola.info,03-apr-2023,1680480000.0,
boroskola.info,boroskola.info,03-apr-2023,1680480000.0,
breaking-news.co,breaking-news.co,07-mar-2023,1678147200.0,
breaking-news.co,breaking-news.co,07-mar-2023,1678147200.0,
browser-tools.systems,browser-tools.systems,20-aug-2023,1692489600.0,
browser-tools.systems,browser-tools.systems,20-aug-2023,1692489600.0,
bulksender.info,bulksender.info,18-sep-2023,1694995200.0,
bulksender.info,bulksender.info,18-sep-2023,1694995200.0,
bullgame.net,bullgame.net,12-mar-2023,1678579200.0,
bullgame.net,bullgame.net,12-mar-2023,1678579200.0,
cablegirls.net,cablegirls.net,14-oct-2023,1697241600.0,
cablegirls.net,cablegirls.net,14-oct-2023,1697241600.0,
carmuffler.net,carmuffler.net,17-apr-2023,1681689600.0,
carmuffler.net,carmuffler.net,17-apr-2023,1681689600.0,
carnegienet.net,carnegienet.net,10-apr-2028,1838937600.0,
carnegienet.net,carnegienet.net,10-apr-2028,1838937600.0,
cashback.co.uk,cashback.co.uk,17-jun-2023,1686960000.0,
cashback.co.uk,cashback.co.uk,17-jun-2023,1686960000.0,
cbango.com.ar,cbango.com.ar,08-sep-2023,1694131200.0,
cbango.com.ar,cbango.com.ar,08-sep-2023,1694131200.0,
ccleaner.fr,ccleaner.fr,03-jan-2024,1704240000.0,
ccleaner.fr,ccleaner.fr,03-jan-2024,1704240000.0,
cdbs.com.tr,cdbs.com.tr,25-nov-2023,1700870400.0,
cdbs.com.tr,cdbs.com.tr,25-nov-2023,1700870400.0,
celestia.fr,celestia.fr,03-jan-2024,1704240000.0,
celestia.fr,celestia.fr,03-jan-2024,1704240000.0,
certifiedwinners.today,certifiedwinners.today,30-sep-2023,1696032000.0,
certifiedwinners.today,certifiedwinners.today,30-sep-2023,1696032000.0,
checkout360now.net,checkout360now.net,26-aug-2023,1693008000.0,
checkout360now.net,checkout360now.net,26-aug-2023,1693008000.0,
cicontents.biz,cicontents.biz,01-may-2023,1682899200.0,
cicontents.biz,cicontents.biz,01-may-2023,1682899200.0,
citlink.net,citlink.net,02-feb-2023,1675296000.0,
citlink.net,citlink.net,02-feb-2023,1675296000.0,
civilhir.net,civilhir.net,10-aug-2023,1691625600.0,
civilhir.net,civilhir.net,10-aug-2023,1691625600.0,
cleanchain.net,cleanchain.net,13-jul-2023,1689206400.0,
cleanchain.net,cleanchain.net,13-jul-2023,1689206400.0,
clickauditor.net,clickauditor.net,31-mar-2023,1680220800.0,
clickauditor.net,clickauditor.net,31-mar-2023,1680220800.0,
clickthru.net,clickthru.net,13-apr-2023,1681344000.0,
clickthru.net,clickthru.net,13-apr-2023,1681344000.0,
clonezilla.fr,clonezilla.fr,03-jan-2024,1704240000.0,
clonezilla.fr,clonezilla.fr,03-jan-2024,1704240000.0,
cloudads.net,cloudads.net,01-mar-2023,1677628800.0,
cloudads.net,cloudads.net,01-mar-2023,1677628800.0,
clubloading.net,clubloading.net,27-mar-2023,1679875200.0,
clubloading.net,clubloading.net,27-mar-2023,1679875200.0,
collegiogeometri.it,collegiogeometri.it,08-apr-2023,1680912000.0,
collegiogeometri.it,collegiogeometri.it,08-apr-2023,1680912000.0,
comfortykive.xyz,comfortykive.xyz,13-may-2023,1683936000.0,
comfortykive.xyz,comfortykive.xyz,13-may-2023,1683936000.0,
compolice.net,compolice.net,11-nov-2024,1731283200.0,
compolice.net,compolice.net,11-nov-2024,1731283200.0,
coolnovelties.co.uk,coolnovelties.co.uk,29-dec-2023,1703808000.0,
coolnovelties.co.uk,coolnovelties.co.uk,29-dec-2023,1703808000.0,
coreglead.co.uk,coreglead.co.uk,06-may-2024,1714953600.0,
coreglead.co.uk,coreglead.co.uk,06-may-2024,1714953600.0,
counter4all.dk,counter4all.dk,30-jun-2023,1688083200.0,
counter4all.dk,counter4all.dk,30-jun-2023,1688083200.0,
creditperformance.com.br,creditperformance.com.br,02-sep-2023,1693612800.0,
creditperformance.com.br,creditperformance.com.br,02-sep-2023,1693612800.0,
cryptoblog.biz,cryptoblog.biz,04-aug-2023,1691107200.0,
cryptoblog.biz,cryptoblog.biz,04-aug-2023,1691107200.0,
ctbdev.net,ctbdev.net,22-oct-2023,1697932800.0,
ctbdev.net,ctbdev.net,22-oct-2023,1697932800.0,
cw.nu,cw.nu,06-jun-2023,1686009600.0,
cw.nu,cw.nu,06-jun-2023,1686009600.0,
cya2.net,cya2.net,03-mar-2023,1677801600.0,
cya2.net,cya2.net,03-mar-2023,1677801600.0,
cyberduck.fr,cyberduck.fr,03-jan-2024,1704240000.0,
cyberduck.fr,cyberduck.fr,03-jan-2024,1704240000.0,
cyberprotection.pro,cyberprotection.pro,04-apr-2023,1680566400.0,
cyberprotection.pro,cyberprotection.pro,04-apr-2023,1680566400.0,
darmowe-liczniki.info,darmowe-liczniki.info,02-jan-2024,1704153600.0,
darmowe-liczniki.info,darmowe-liczniki.info,02-jan-2024,1704153600.0,
dashgreen.online,dashgreen.online,04-oct-2023,1696377600.0,
dashgreen.online,dashgreen.online,04-oct-2023,1696377600.0,
dataidea.it,dataidea.it,21-apr-2023,1682035200.0,
dataidea.it,dataidea.it,21-apr-2023,1682035200.0,
datedate.today,datedate.today,08-sep-2023,1694131200.0,
datedate.today,datedate.today,08-sep-2023,1694131200.0,
decouvre.la,decouvre.la,08-jan-2024,1704672000.0,
decouvre.la,decouvre.la,08-jan-2024,1704672000.0,
dereferer.co,dereferer.co,04-may-2023,1683158400.0,
dereferer.co,dereferer.co,04-may-2023,1683158400.0,
devicer.co,devicer.co,13-apr-2023,1681344000.0,
devicer.co,devicer.co,13-apr-2023,1681344000.0,
diamond-water.hk,diamond-water.hk,17-jan-2024,1705449600.0,
diamond-water.hk,diamond-water.hk,17-jan-2024,1705449600.0,
displaytag.net,displaytag.net,20-aug-2023,1692489600.0,
displaytag.net,displaytag.net,20-aug-2023,1692489600.0,
dmatica.it,dmatica.it,13-apr-2023,1681344000.0,
dmatica.it,dmatica.it,13-apr-2023,1681344000.0,
dnslogs.net,dnslogs.net,27-mar-2023,1679875200.0,
dnslogs.net,dnslogs.net,27-mar-2023,1679875200.0,
domain-control.net,domain-control.net,27-mar-2023,1679875200.0,
domain-control.net,domain-control.net,27-mar-2023,1679875200.0,
dondolino.it,dondolino.it,03-may-2023,1683072000.0,
dondolino.it,dondolino.it,03-may-2023,1683072000.0,
dontwatch.us,dontwatch.us,10-nov-2023,1699574400.0,
dontwatch.us,dontwatch.us,10-nov-2023,1699574400.0,
dosugcz.biz,dosugcz.biz,12-aug-2023,1691798400.0,
dosugcz.biz,dosugcz.biz,12-aug-2023,1691798400.0,
downloadplayer.xyz,downloadplayer.xyz,01-jun-2024,1717200000.0,
downloadplayer.xyz,downloadplayer.xyz,01-jun-2024,1717200000.0,
dynamic-dns.net,dynamic-dns.net,07-aug-2023,1691366400.0,
dynamic-dns.net,dynamic-dns.net,07-aug-2023,1691366400.0,
earnlivingonline.net,earnlivingonline.net,25-oct-2023,1698192000.0,
earnlivingonline.net,earnlivingonline.net,25-oct-2023,1698192000.0,
easy-pay.info,easy-pay.info,19-jan-2024,1705622400.0,
easy-pay.info,easy-pay.info,19-jan-2024,1705622400.0,
easypills.co,easypills.co,29-jul-2023,1690588800.0,
easypills.co,easypills.co,29-jul-2023,1690588800.0,
edchargina.pro,edchargina.pro,06-may-2023,1683331200.0,
edchargina.pro,edchargina.pro,06-may-2023,1683331200.0,
eduardorodrigues.adv.br,eduardorodrigues.adv.br,17-feb-2026,1771286400.0,
eduardorodrigues.adv.br,eduardorodrigues.adv.br,17-feb-2026,1771286400.0,
eelsoup.net,eelsoup.net,05-apr-2023,1680652800.0,
eelsoup.net,eelsoup.net,05-apr-2023,1680652800.0,
effectivespeech.net,effectivespeech.net,15-oct-2023,1697328000.0,
effectivespeech.net,effectivespeech.net,15-oct-2023,1697328000.0,
efreedom.net,efreedom.net,24-feb-2024,1708732800.0,
efreedom.net,efreedom.net,24-feb-2024,1708732800.0,
elzaservis.cz,elzaservis.cz,17-feb-2025,1739750400.0,
elzaservis.cz,elzaservis.cz,17-feb-2025,1739750400.0,
estatearea.net,estatearea.net,27-mar-2023,1679875200.0,
estatearea.net,estatearea.net,27-mar-2023,1679875200.0,
expertland.net,expertland.net,07-aug-2023,1691366400.0,
expertland.net,expertland.net,07-aug-2023,1691366400.0,
extrahoney.net,extrahoney.net,18-feb-2023,1676678400.0,
extrahoney.net,extrahoney.net,18-feb-2023,1676678400.0,
eztnezdmeg.net,eztnezdmeg.net,20-oct-2023,1697760000.0,
eztnezdmeg.net,eztnezdmeg.net,20-oct-2023,1697760000.0,
fadadosexo.com.br,fadadosexo.com.br,19-may-2023,1684454400.0,
fadadosexo.com.br,fadadosexo.com.br,19-may-2023,1684454400.0,
falcon1.net,falcon1.net,14-oct-2023,1697241600.0,
falcon1.net,falcon1.net,14-oct-2023,1697241600.0,
falkag.net,falkag.net,30-jan-2024,1706572800.0,
falkag.net,falkag.net,30-jan-2024,1706572800.0,
fashion-online.net,fashion-online.net,27-mar-2023,1679875200.0,
fashion-online.net,fashion-online.net,27-mar-2023,1679875200.0,
fashioncontainer.net,fashioncontainer.net,27-mar-2023,1679875200.0,
fashioncontainer.net,fashioncontainer.net,27-mar-2023,1679875200.0,
fbsecurity.co,fbsecurity.co,25-sep-2024,1727222400.0,
fbsecurity.co,fbsecurity.co,25-sep-2024,1727222400.0,
fedup.tv,fedup.tv,11-aug-2023,1691712000.0,
fedup.tv,fedup.tv,11-aug-2023,1691712000.0,
fetchlink.net,fetchlink.net,14-aug-2023,1691971200.0,
fetchlink.net,fetchlink.net,14-aug-2023,1691971200.0,
filezilla.fr,filezilla.fr,18-jan-2024,1705536000.0,
filezilla.fr,filezilla.fr,18-jan-2024,1705536000.0,
filmhir.net,filmhir.net,18-dec-2023,1702857600.0,
filmhir.net,filmhir.net,18-dec-2023,1702857600.0,
fin.tips,fin.tips,29-aug-2023,1693267200.0,
fin.tips,fin.tips,29-aug-2023,1693267200.0,
firrectly.top,firrectly.top,19-feb-2023,1676764800.0,
firrectly.top,firrectly.top,19-feb-2023,1676764800.0,
flbox.net,flbox.net,25-jun-2023,1687651200.0,
flbox.net,flbox.net,25-jun-2023,1687651200.0,
fontostudni.club,fontostudni.club,16-jun-2023,1686873600.0,
fontostudni.club,fontostudni.club,16-jun-2023,1686873600.0,
forsi.net,forsi.net,22-jan-2024,1705881600.0,
forsi.net,forsi.net,22-jan-2024,1705881600.0,
franko.info,franko.info,07-nov-2023,1699315200.0,
franko.info,franko.info,07-nov-2023,1699315200.0,
freebiegb.co.uk,freebiegb.co.uk,25-mar-2023,1679702400.0,
freebiegb.co.uk,freebiegb.co.uk,25-mar-2023,1679702400.0,
freedominfo.net,freedominfo.net,23-aug-2023,1692748800.0,
freedominfo.net,freedominfo.net,23-aug-2023,1692748800.0,
freerapid.fr,freerapid.fr,29-apr-2023,1682726400.0,
freerapid.fr,freerapid.fr,29-apr-2023,1682726400.0,
fromru.su,fromru.su,14-feb-2023,1676332800.0,
fromru.su,fromru.su,14-feb-2023,1676332800.0,
fuuze.net,fuuze.net,09-apr-2023,1680998400.0,
fuuze.net,fuuze.net,09-apr-2023,1680998400.0,
fvaweb.it,fvaweb.it,21-dec-2023,1703116800.0,
fvaweb.it,fvaweb.it,21-dec-2023,1703116800.0,
geocounter.net,geocounter.net,27-oct-2023,1698364800.0,
geocounter.net,geocounter.net,27-oct-2023,1698364800.0,
getlink.pw,getlink.pw,11-jun-2023,1686441600.0,
getlink.pw,getlink.pw,11-jun-2023,1686441600.0,
getpoints.net,getpoints.net,14-dec-2023,1702512000.0,
getpoints.net,getpoints.net,14-dec-2023,1702512000.0,
getrxhere.co,getrxhere.co,29-jun-2023,1687996800.0,
getrxhere.co,getrxhere.co,29-jun-2023,1687996800.0,
gingert.net,gingert.net,14-apr-2025,1744588800.0,
gingert.net,gingert.net,14-apr-2025,1744588800.0,
glittercases.net,glittercases.net,08-oct-2023,1696723200.0,
glittercases.net,glittercases.net,08-oct-2023,1696723200.0,
go2page.net,go2page.net,02-jan-2024,1704153600.0,
go2page.net,go2page.net,02-jan-2024,1704153600.0,
goat.cx,goat.cx,12-jun-2023,1686528000.0,
goat.cx,goat.cx,12-jun-2023,1686528000.0,
goatse.cx,goatse.cx,16-jan-2024,1705363200.0,
goatse.cx,goatse.cx,16-jan-2024,1705363200.0,
goroskop.co,goroskop.co,16-sep-2023,1694822400.0,
goroskop.co,goroskop.co,16-sep-2023,1694822400.0,
gparted.fr,gparted.fr,03-jan-2024,1704240000.0,
gparted.fr,gparted.fr,03-jan-2024,1704240000.0,
greenshot.fr,greenshot.fr,03-jan-2024,1704240000.0,
greenshot.fr,greenshot.fr,03-jan-2024,1704240000.0,
gremimedia.pl,gremimedia.pl,04-jan-2024,1704326400.0,
gremimedia.pl,gremimedia.pl,04-jan-2024,1704326400.0,
growstart.net,growstart.net,08-oct-2023,1696723200.0,
growstart.net,growstart.net,08-oct-2023,1696723200.0,
guildofangels.net,guildofangels.net,15-sep-2023,1694736000.0,
guildofangels.net,guildofangels.net,15-sep-2023,1694736000.0,
hakerzy.net,hakerzy.net,08-feb-2024,1707350400.0,
hakerzy.net,hakerzy.net,08-feb-2024,1707350400.0,
haslundalsted.dk,haslundalsted.dk,31-dec-2023,1703980800.0,
haslundalsted.dk,haslundalsted.dk,31-dec-2023,1703980800.0,
hatter-story.info,hatter-story.info,31-jul-2023,1690761600.0,
hatter-story.info,hatter-story.info,31-jul-2023,1690761600.0,
hhcj.co.uk,hhcj.co.uk,03-mar-2023,1677801600.0,
hhcj.co.uk,hhcj.co.uk,03-mar-2023,1677801600.0,
hilltopads.net,hilltopads.net,20-jun-2023,1687219200.0,
hilltopads.net,hilltopads.net,20-jun-2023,1687219200.0,
hirorigo.net,hirorigo.net,30-sep-2023,1696032000.0,
hirorigo.net,hirorigo.net,30-sep-2023,1696032000.0,
hirozon.info,hirozon.info,11-jul-2023,1689033600.0,
hirozon.info,hirozon.info,11-jul-2023,1689033600.0,
hirtop.in,hirtop.in,28-jan-2024,1706400000.0,
hirtop.in,hirtop.in,28-jan-2024,1706400000.0,
histock.info,histock.info,13-jun-2023,1686614400.0,
histock.info,histock.info,13-jun-2023,1686614400.0,
homeishere.co,homeishere.co,02-aug-2023,1690934400.0,
homeishere.co,homeishere.co,02-aug-2023,1690934400.0,
host-redirect.net,host-redirect.net,27-mar-2023,1679875200.0,
host-redirect.net,host-redirect.net,27-mar-2023,1679875200.0,
i4track.net,i4track.net,31-dec-2023,1703980800.0,
i4track.net,i4track.net,31-dec-2023,1703980800.0,
icmserver.net,icmserver.net,09-dec-2023,1702080000.0,
icmserver.net,icmserver.net,09-dec-2023,1702080000.0,
iesnare.co.uk,iesnare.co.uk,25-jan-2024,1706140800.0,
iesnare.co.uk,iesnare.co.uk,25-jan-2024,1706140800.0,
imrk.net,imrk.net,18-aug-2023,1692316800.0,
imrk.net,imrk.net,18-aug-2023,1692316800.0,
inkscape.fr,inkscape.fr,03-jan-2024,1704240000.0,
inkscape.fr,inkscape.fr,03-jan-2024,1704240000.0,
iovation.co.uk,iovation.co.uk,08-mar-2023,1678233600.0,
iovation.co.uk,iovation.co.uk,08-mar-2023,1678233600.0,
irony.world,irony.world,27-oct-2023,1698364800.0,
irony.world,irony.world,27-oct-2023,1698364800.0,
irs01.net,irs01.net,27-sep-2023,1695772800.0,
irs01.net,irs01.net,27-sep-2023,1695772800.0,
istat.biz,istat.biz,05-jul-2023,1688515200.0,
istat.biz,istat.biz,05-jul-2023,1688515200.0,
itempana.site,itempana.site,04-oct-2023,1696377600.0,
itempana.site,itempana.site,04-oct-2023,1696377600.0,
izarc.fr,izarc.fr,03-jan-2024,1704240000.0,
izarc.fr,izarc.fr,03-jan-2024,1704240000.0,
jdownloader.fr,jdownloader.fr,18-jan-2024,1705536000.0,
jdownloader.fr,jdownloader.fr,18-jan-2024,1705536000.0,
jkcontrols.co.uk,jkcontrols.co.uk,13-jul-2023,1689206400.0,
jkcontrols.co.uk,jkcontrols.co.uk,13-jul-2023,1689206400.0,
jqueryscript.net,jqueryscript.net,07-nov-2023,1699315200.0,
jqueryscript.net,jqueryscript.net,07-nov-2023,1699315200.0,
jrfa.net,jrfa.net,28-feb-2023,1677542400.0,
jrfa.net,jrfa.net,28-feb-2023,1677542400.0,
jrsa.net,jrsa.net,31-jan-2024,1706659200.0,
jrsa.net,jrsa.net,31-jan-2024,1706659200.0,
jsfactory.net,jsfactory.net,18-may-2023,1684368000.0,
jsfactory.net,jsfactory.net,18-may-2023,1684368000.0,
justdating.online,justdating.online,25-sep-2023,1695600000.0,
justdating.online,justdating.online,25-sep-2023,1695600000.0,
kaidee.info,kaidee.info,21-jun-2023,1687305600.0,
kaidee.info,kaidee.info,21-jun-2023,1687305600.0,
katcol.co.uk,katcol.co.uk,19-dec-2023,1702944000.0,
katcol.co.uk,katcol.co.uk,19-dec-2023,1702944000.0,
kawarayu.net,kawarayu.net,05-may-2023,1683244800.0,
kawarayu.net,kawarayu.net,05-may-2023,1683244800.0,
keepass.fr,keepass.fr,03-jan-2024,1704240000.0,
keepass.fr,keepass.fr,03-jan-2024,1704240000.0,
keepinfit.net,keepinfit.net,18-oct-2023,1697587200.0,
keepinfit.net,keepinfit.net,18-oct-2023,1697587200.0,
khaleejtimes.online,khaleejtimes.online,01-dec-2023,1701388800.0,
khaleejtimes.online,khaleejtimes.online,01-dec-2023,1701388800.0,
kidsinsandbox.info,kidsinsandbox.info,27-jul-2023,1690416000.0,
kidsinsandbox.info,kidsinsandbox.info,27-jul-2023,1690416000.0,
kilomniadst.info,kilomniadst.info,14-may-2023,1684022400.0,
kilomniadst.info,kilomniadst.info,14-may-2023,1684022400.0,
krasnaya.co.uk,krasnaya.co.uk,02-aug-2024,1722556800.0,
krasnaya.co.uk,krasnaya.co.uk,02-aug-2024,1722556800.0,
kromtech.net,kromtech.net,14-mar-2023,1678752000.0,
kromtech.net,kromtech.net,14-mar-2023,1678752000.0,
kvision.tv,kvision.tv,30-mar-2023,1680134400.0,
kvision.tv,kvision.tv,30-mar-2023,1680134400.0,
laltraimmagine.ss.it,laltraimmagine.ss.it,24-aug-2023,1692835200.0,
laltraimmagine.ss.it,laltraimmagine.ss.it,24-aug-2023,1692835200.0,
lamiflor.xyz,lamiflor.xyz,04-oct-2023,1696377600.0,
lamiflor.xyz,lamiflor.xyz,04-oct-2023,1696377600.0,
larossola.it,larossola.it,19-nov-2023,1700352000.0,
larossola.it,larossola.it,19-nov-2023,1700352000.0,
le1er.net,le1er.net,01-aug-2023,1690848000.0,
le1er.net,le1er.net,01-aug-2023,1690848000.0,
legfrissebb.info,legfrissebb.info,04-may-2023,1683158400.0,
legfrissebb.info,legfrissebb.info,04-may-2023,1683158400.0,
legjava.pro,legjava.pro,25-apr-2023,1682380800.0,
legjava.pro,legjava.pro,25-apr-2023,1682380800.0,
leklicht.net,leklicht.net,07-aug-2023,1691366400.0,
leklicht.net,leklicht.net,07-aug-2023,1691366400.0,
lemonparty.biz,lemonparty.biz,19-aug-2023,1692403200.0,
lemonparty.biz,lemonparty.biz,19-aug-2023,1692403200.0,
limonecomunicacao.com.br,limonecomunicacao.com.br,29-jan-2024,1706486400.0,
limonecomunicacao.com.br,limonecomunicacao.com.br,29-jan-2024,1706486400.0,
lincolnshirefitness.co.uk,lincolnshirefitness.co.uk,27-aug-2023,1693094400.0,
lincolnshirefitness.co.uk,lincolnshirefitness.co.uk,27-aug-2023,1693094400.0,
lingintirejohny.club,lingintirejohny.club,10-nov-2023,1699574400.0,
lingintirejohny.club,lingintirejohny.club,10-nov-2023,1699574400.0,
link-scan.net,link-scan.net,03-oct-2023,1696291200.0,
link-scan.net,link-scan.net,03-oct-2023,1696291200.0,
link4win.net,link4win.net,26-aug-2024,1724630400.0,
link4win.net,link4win.net,26-aug-2024,1724630400.0,
linkit.biz,linkit.biz,14-feb-2023,1676332800.0,
linkit.biz,linkit.biz,14-feb-2023,1676332800.0,
loadesecoparc.co.uk,loadesecoparc.co.uk,22-jun-2023,1687392000.0,
loadesecoparc.co.uk,loadesecoparc.co.uk,22-jun-2023,1687392000.0,
loading-page.net,loading-page.net,27-mar-2023,1679875200.0,
loading-page.net,loading-page.net,27-mar-2023,1679875200.0,
ltk.pw,ltk.pw,25-jul-2024,1721865600.0,
ltk.pw,ltk.pw,25-jul-2024,1721865600.0,
lucker.co,lucker.co,28-jun-2024,1719532800.0,
lucker.co,lucker.co,28-jun-2024,1719532800.0,
luxdiscount.zone,luxdiscount.zone,27-may-2023,1685145600.0,
luxdiscount.zone,luxdiscount.zone,27-may-2023,1685145600.0,
luxpolice.net,luxpolice.net,09-jun-2023,1686268800.0,
luxpolice.net,luxpolice.net,09-jun-2023,1686268800.0,
macads.net,macads.net,15-dec-2023,1702598400.0,
macads.net,macads.net,15-dec-2023,1702598400.0,
macleaner.space,macleaner.space,22-jul-2023,1689984000.0,
macleaner.space,macleaner.space,22-jul-2023,1689984000.0,
magyarnep.me,magyarnep.me,27-mar-2023,1679875200.0,
magyarnep.me,magyarnep.me,27-mar-2023,1679875200.0,
mailtrack.me,mailtrack.me,18-feb-2023,1676678400.0,
mailtrack.me,mailtrack.me,18-feb-2023,1676678400.0,
meatspin.biz,meatspin.biz,19-aug-2023,1692403200.0,
meatspin.biz,meatspin.biz,19-aug-2023,1692403200.0,
mediavadasz.info,mediavadasz.info,29-jun-2023,1687996800.0,
mediavadasz.info,mediavadasz.info,29-jun-2023,1687996800.0,
mediawhirl.net,mediawhirl.net,28-sep-2023,1695859200.0,
mediawhirl.net,mediawhirl.net,28-sep-2023,1695859200.0,
mettelindberg.dk,mettelindberg.dk,30-jun-2023,1688083200.0,
mettelindberg.dk,mettelindberg.dk,30-jun-2023,1688083200.0,
microsoftsupport.xyz,microsoftsupport.xyz,27-feb-2023,1677456000.0,
microsoftsupport.xyz,microsoftsupport.xyz,27-feb-2023,1677456000.0,
mmofreegames.online,mmofreegames.online,20-oct-2023,1697760000.0,
mmofreegames.online,mmofreegames.online,20-oct-2023,1697760000.0,
mobfactory.info,mobfactory.info,24-feb-2023,1677196800.0,
mobfactory.info,mobfactory.info,24-feb-2023,1677196800.0,
mobilebrowsing.net,mobilebrowsing.net,26-feb-2023,1677369600.0,
mobilebrowsing.net,mobilebrowsing.net,26-feb-2023,1677369600.0,
modescrips.info,modescrips.info,17-dec-2023,1702771200.0,
modescrips.info,modescrips.info,17-dec-2023,1702771200.0,
mondaymornings.co,mondaymornings.co,10-nov-2023,1699574400.0,
mondaymornings.co,mondaymornings.co,10-nov-2023,1699574400.0,
moneybot.net,moneybot.net,05-aug-2023,1691193600.0,
moneybot.net,moneybot.net,05-aug-2023,1691193600.0,
monkposseacre.casa,monkposseacre.casa,21-jun-2023,1687305600.0,
monkposseacre.casa,monkposseacre.casa,21-jun-2023,1687305600.0,
morevisits.info,morevisits.info,18-may-2023,1684368000.0,
morevisits.info,morevisits.info,18-may-2023,1684368000.0,
mp3red.cc,mp3red.cc,27-dec-2023,1703635200.0,
mp3red.cc,mp3red.cc,27-dec-2023,1703635200.0,
ms-shoponline.top,ms-shoponline.top,02-jun-2023,1685664000.0,
ms-shoponline.top,ms-shoponline.top,02-jun-2023,1685664000.0,
mulato.info,mulato.info,24-jul-2023,1690156800.0,
mulato.info,mulato.info,24-jul-2023,1690156800.0,
mwt.net,mwt.net,24-sep-2029,1884902400.0,
mwt.net,mwt.net,24-sep-2029,1884902400.0,
myanyone.net,myanyone.net,22-sep-2023,1695340800.0,
myanyone.net,myanyone.net,22-sep-2023,1695340800.0,
mycashback.co.uk,mycashback.co.uk,19-may-2024,1716076800.0,
mycashback.co.uk,mycashback.co.uk,19-may-2024,1716076800.0,
myfreegifts.co.uk,myfreegifts.co.uk,27-apr-2023,1682553600.0,
myfreegifts.co.uk,myfreegifts.co.uk,27-apr-2023,1682553600.0,
mylovelypet.net,mylovelypet.net,28-nov-2027,1827360000.0,
mylovelypet.net,mylovelypet.net,28-nov-2027,1827360000.0,
napimigrans.info,napimigrans.info,20-sep-2023,1695168000.0,
napimigrans.info,napimigrans.info,20-sep-2023,1695168000.0,
ncorecc.me,ncorecc.me,31-aug-2023,1693440000.0,
ncorecc.me,ncorecc.me,31-aug-2023,1693440000.0,
ncoremeghivo.net,ncoremeghivo.net,14-jan-2024,1705190400.0,
ncoremeghivo.net,ncoremeghivo.net,14-jan-2024,1705190400.0,
networkad.net,networkad.net,26-jun-2023,1687737600.0,
networkad.net,networkad.net,26-jun-2023,1687737600.0,
networkads.net,networkads.net,10-dec-2023,1702166400.0,
networkads.net,networkads.net,10-dec-2023,1702166400.0,
news-flash.net,news-flash.net,10-jul-2023,1688947200.0,
news-flash.net,news-flash.net,10-jul-2023,1688947200.0,
newsmagic.net,newsmagic.net,18-feb-2023,1676678400.0,
newsmagic.net,newsmagic.net,18-feb-2023,1676678400.0,
nhn.dk,nhn.dk,30-jun-2023,1688083200.0,
nhn.dk,nhn.dk,30-jun-2023,1688083200.0,
nlink.com.br,nlink.com.br,27-mar-2023,1679875200.0,
nlink.com.br,nlink.com.br,27-mar-2023,1679875200.0,
nobrain.dk,nobrain.dk,30-nov-2025,1764460800.0,
nobrain.dk,nobrain.dk,30-nov-2025,1764460800.0,
noticias.life,noticias.life,19-jul-2023,1689724800.0,
noticias.life,noticias.life,19-jul-2023,1689724800.0,
nottinghamsuburbanrailway.co.uk,nottinghamsuburbanrailway.co.uk,24-nov-2025,1763942400.0,
nottinghamsuburbanrailway.co.uk,nottinghamsuburbanrailway.co.uk,24-nov-2025,1763942400.0,
ntralpenedhy.pro,ntralpenedhy.pro,15-jul-2023,1689379200.0,
ntralpenedhy.pro,ntralpenedhy.pro,15-jul-2023,1689379200.0,
offer.camp,offer.camp,29-dec-2023,1703808000.0,
offer.camp,offer.camp,29-dec-2023,1703808000.0,
offerx.co.uk,offerx.co.uk,06-mar-2024,1709683200.0,
offerx.co.uk,offerx.co.uk,06-mar-2024,1709683200.0,
oiseau-perdu.fr,oiseau-perdu.fr,06-nov-2023,1699228800.0,
oiseau-perdu.fr,oiseau-perdu.fr,06-nov-2023,1699228800.0,
oix.net,oix.net,22-feb-2023,1677024000.0,
oix.net,oix.net,22-feb-2023,1677024000.0,
okclub.org.uk,okclub.org.uk,15-dec-2023,1702598400.0,
okclub.org.uk,okclub.org.uk,15-dec-2023,1702598400.0,
onilne.fr,onilne.fr,07-oct-2023,1696636800.0,
onilne.fr,onilne.fr,07-oct-2023,1696636800.0,
onmypc.net,onmypc.net,12-jul-2023,1689120000.0,
onmypc.net,onmypc.net,12-jul-2023,1689120000.0,
oopt.fr,oopt.fr,18-apr-2023,1681776000.0,
oopt.fr,oopt.fr,18-apr-2023,1681776000.0,
openinternetexchange.net,openinternetexchange.net,31-aug-2023,1693440000.0,
openinternetexchange.net,openinternetexchange.net,31-aug-2023,1693440000.0,
openload.info,openload.info,19-jul-2023,1689724800.0,
openload.info,openload.info,19-jul-2023,1689724800.0,
oplaca-sie.pl,oplaca-sie.pl,03-aug-2023,1691020800.0,
oplaca-sie.pl,oplaca-sie.pl,03-aug-2023,1691020800.0,
opposedarrangement.net,opposedarrangement.net,19-mar-2023,1679184000.0,
opposedarrangement.net,opposedarrangement.net,19-mar-2023,1679184000.0,
oralse.cx,oralse.cx,12-dec-2023,1702339200.0,
oralse.cx,oralse.cx,12-dec-2023,1702339200.0,
origer.info,origer.info,14-apr-2023,1681430400.0,
origer.info,origer.info,14-apr-2023,1681430400.0,
osqa.net,osqa.net,24-dec-2023,1703376000.0,
osqa.net,osqa.net,24-dec-2023,1703376000.0,
outerinfo.com,outerinfo.com,15-aug-2023,1692057600.0,
outerinfo.com,outerinfo.com,15-aug-2023,1692057600.0,
interac-etransfer.net,interac-etransfer.net,15-feb-2024,1707955200.0,
interac-etransfer.net,interac-etransfer.net,15-feb-2024,1707955200.0,
pa-voyance.fr,pa-voyance.fr,07-dec-2023,1701907200.0,
pa-voyance.fr,pa-voyance.fr,07-dec-2023,1701907200.0,
page-host.net,page-host.net,18-nov-2023,1700265600.0,
page-host.net,page-host.net,18-nov-2023,1700265600.0,
page-info.com,page-info.com,24-dec-2023,1703376000.0,
page-info.com,page-info.com,24-dec-2023,1703376000.0,
deposit-cra2023.com,deposit-cra2023.com,19-mar-2024,1710806400.0,
deposit-cra2023.com,deposit-cra2023.com,19-mar-2024,1710806400.0,
pageplop.com,pageplop.com,12-jul-2023,1689120000.0,
pageplop.com,pageplop.com,12-jul-2023,1689120000.0,
pages-perso-orange.fr,pages-perso-orange.fr,12-dec-2023,1702339200.0,
pages-perso-orange.fr,pages-perso-orange.fr,12-dec-2023,1702339200.0,
pagesense.com,pagesense.com,16-nov-2023,1700092800.0,
pagesense.com,pagesense.com,16-nov-2023,1700092800.0,
exipure.net,exipure.net,06-jun-2023,1686009600.0,
exipure.net,exipure.net,06-jun-2023,1686009600.0,
apps-blue.com,apps-blue.com,04-mar-2024,1709510400.0,
apps-blue.com,apps-blue.com,04-mar-2024,1709510400.0,
canva2023.com,canva2023.com,23-mar-2024,1711152000.0,
canva2023.com,canva2023.com,23-mar-2024,1711152000.0,
chatgpt-premium.com,chatgpt-premium.com,03-mar-2024,1709424000.0,
chatgpt-premium.com,chatgpt-premium.com,03-mar-2024,1709424000.0,
download5s.com,download5s.com,06-jan-2024,1704499200.0,
download5s.com,download5s.com,06-jan-2024,1704499200.0,
gaming-box.com,gaming-box.com,21-mar-2024,1710979200.0,
gaming-box.com,gaming-box.com,21-mar-2024,1710979200.0,
lydownload.net,lydownload.net,21-nov-2023,1700524800.0,
lydownload.net,lydownload.net,21-nov-2023,1700524800.0,
movies-box.net,movies-box.net,02-mar-2024,1709337600.0,
movies-box.net,movies-box.net,02-mar-2024,1709337600.0,
movies-cine.com,movies-cine.com,30-mar-2024,1711756800.0,
movies-cine.com,movies-cine.com,30-mar-2024,1711756800.0,
movies-cinema.com,movies-cinema.com,30-mar-2024,1711756800.0,
movies-cinema.com,movies-cinema.com,30-mar-2024,1711756800.0,
myprivatephotoalbum.top,myprivatephotoalbum.top,23-feb-2024,1708646400.0,
myprivatephotoalbum.top,myprivatephotoalbum.top,23-feb-2024,1708646400.0,
nctitds.top,nctitds.top,22-dec-2023,1703203200.0,
nctitds.top,nctitds.top,22-dec-2023,1703203200.0,
office-2023.com,office-2023.com,14-feb-2024,1707868800.0,
office-2023.com,office-2023.com,14-feb-2024,1707868800.0,
office-2023.net,office-2023.net,15-feb-2024,1707955200.0,
office-2023.net,office-2023.net,15-feb-2024,1707955200.0,
office2023.net,office2023.net,16-feb-2024,1708041600.0,
office2023.net,office2023.net,16-feb-2024,1708041600.0,
bloodsugarberry.com,bloodsugarberry.com,27-oct-2023,1698364800.0,"NameSilo, LLC"
cra-etransfer.online,cra-etransfer.online,21-jun-2024,1718928000.0,"NameSilo, LLC"
climate-actionpayment.com,climate-actionpayment.com,05-jul-2024,1720137600.0,"NameCheap, Inc."
et-1nt3rc.com,et-1nt3rc.com,26-jun-2024,1719360000.0,Tucows Domains Inc.
fedgroceryrebate.com,fedgroceryrebate.com,07-jul-2024,1720310400.0,Google LLC
interacpayment-cra.com,interacpayment-cra.com,09-jul-2024,1720483200.0,CV. JOGJACAMP
biserka.xyz,biserka.xyz,24-apr-2024,1713916800.0,Namecheap
getdispadsshop.com,getdispadsshop.com,27-sep-2023,1695772800.0,"NameCheap, Inc."
newagevz.homes,newagevz.homes,24-jul-2024,1721779200.0,"NameSilo, LLC"
digiclk.com,digiclk.com,19-jun-2024,1718755200.0,"GoDaddy.com, LLC"
canadapost-delivery-reshedule.com,canadapost-delivery-reshedule.com,11-aug-2024,1723334400.0,PDR Ltd. d/b/a PublicDomainRegistry.com
painolympics.info,painolympics.info,20-aug-2023,1692489600.0,"GoDaddy.com, LLC"
painolympics.org,painolympics.org,28-sep-2023,1695859200.0,"GoDaddy.com, LLC"
paintnet.fr,paintnet.fr,24-dec-2023,1703376000.0,IONOS SE
pakpolice.com,pakpolice.com,14-jul-2025,1752451200.0,Tucows Domains Inc.
palyazatfigyelo.info,palyazatfigyelo.info,12-nov-2023,1699747200.0,"GoDaddy.com, LLC"
parafiaukta.pl,parafiaukta.pl,19-mar-2024,1710806400.0,
parskabab.com,parskabab.com,24-jul-2024,1721779200.0,Gname.com Pte. Ltd.
passportindex.fr,passportindex.fr,14-nov-2023,1699920000.0,KEY-SYSTEMS GmbH
passpport.com,passpport.com,01-nov-2023,1698796800.0,"GoDaddy.com, LLC"
pastesbin.com,pastesbin.com,06-jun-2024,1717632000.0,Key-Systems GmbH
pathforpoints.com,pathforpoints.com,07-may-2024,1715040000.0,"GoDaddy.com, LLC"
paulomatosconsultores.com.br,paulomatosconsultores.com.br,14-jun-2025,1749859200.0,
paulsnetwork.com,paulsnetwork.com,28-mar-2025,1743120000.0,"GoDaddy.com, LLC"
paycounter.com,paycounter.com,31-may-2024,1717113600.0,"GoDaddy.com, LLC"
payforme.top,payforme.top,21-dec-2023,1703116800.0,"NameSilo,LLC"
